ISO-10303-21;
HEADER;
FILE_DESCRIPTION (( 'STEP AP203' ),
    '1' );
FILE_NAME ('Íâ¿Ç-CH32H417Âß¼­·ÖÎöÒÇPCBÄ£ÐÍ.STEP',
    '2026-08-15T08:43:48',
    ( '' ),
    ( '' ),
    'SwSTEP 2.0',
    'SolidWorks 2024',
    '' );
FILE_SCHEMA (( 'CONFIG_CONTROL_DESIGN' ));
ENDSEC;

DATA;
#1 = VECTOR ( 'NONE', #613, 1000.000000000000114 ) ;
#2 = ORIENTED_EDGE ( 'NONE', *, *, #1092, .F. ) ;
#3 = VECTOR ( 'NONE', #1394, 1000.000000000000000 ) ;
#4 = CARTESIAN_POINT ( 'NONE',  ( -19.75173990347985509, 45.02641605283200477, -5.400000000000000355 ) ) ;
#5 = CARTESIAN_POINT ( 'NONE',  ( -19.75173990347984443, 37.52641605283200477, 50.78407294179726961 ) ) ;
#6 = VECTOR ( 'NONE', #1118, 1000.000000000000000 ) ;
#7 = FACE_OUTER_BOUND ( 'NONE', #1962, .T. ) ;
#8 = DIRECTION ( 'NONE',  ( 0.000000000000000000, 0.000000000000000000, -1.000000000000000000 ) ) ;
#9 = VECTOR ( 'NONE', #882, 1000.000000000000000 ) ;
#10 = LINE ( 'NONE', #2300, #1024 ) ;
#11 = VERTEX_POINT ( 'NONE', #942 ) ;
#12 = CARTESIAN_POINT ( 'NONE',  ( -65.08442977491444026, 57.99043336326634801, 0.000000000000000000 ) ) ;
#13 = VERTEX_POINT ( 'NONE', #1782 ) ;
#14 = DIRECTION ( 'NONE',  ( 0.000000000000000000, 0.000000000000000000, -1.000000000000000000 ) ) ;
#15 = PLANE ( 'NONE',  #991 ) ;
#16 = ADVANCED_FACE ( 'NONE', ( #2633 ), #732, .T. ) ;
#17 = EDGE_CURVE ( 'NONE', #2579, #928, #2108, .T. ) ;
#18 = ORIENTED_EDGE ( 'NONE', *, *, #1572, .T. ) ;
#19 = LINE ( 'NONE', #44, #811 ) ;
#20 = DIRECTION ( 'NONE',  ( 1.000000000000000000, 1.226997175350663321E-14, 0.000000000000000000 ) ) ;
#21 = ORIENTED_EDGE ( 'NONE', *, *, #2309, .F. ) ;
#22 = LINE ( 'NONE', #879, #2667 ) ;
#23 = CARTESIAN_POINT ( 'NONE',  ( -49.43908432816851217, 13.05172720345416160, 0.000000000000000000 ) ) ;
#24 = CARTESIAN_POINT ( 'NONE',  ( -21.93904495809000110, 13.85172720345430264, 1.000000000000000000 ) ) ;
#25 = ORIENTED_EDGE ( 'NONE', *, *, #68, .T. ) ;
#26 = CARTESIAN_POINT ( 'NONE',  ( -64.46012192024400633, 58.22641605283200050, 50.78407294179726961 ) ) ;
#27 = VERTEX_POINT ( 'NONE', #2333 ) ;
#28 = EDGE_CURVE ( 'NONE', #1502, #1096, #2540, .T. ) ;
#29 = EDGE_CURVE ( 'NONE', #472, #1208, #1695, .T. ) ;
#30 = PLANE ( 'NONE',  #987 ) ;
#31 = DIRECTION ( 'NONE',  ( 0.000000000000000000, 0.000000000000000000, 1.000000000000000000 ) ) ;
#32 = VERTEX_POINT ( 'NONE', #1914 ) ;
#33 = ORIENTED_EDGE ( 'NONE', *, *, #489, .F. ) ;
#34 = ADVANCED_FACE ( 'NONE', ( #7 ), #865, .F. ) ;
#35 = PLANE ( 'NONE',  #765 ) ;
#36 = CARTESIAN_POINT ( 'NONE',  ( -18.95173990348000004, 45.02641605283200477, -6.000000000000000000 ) ) ;
#37 = VERTEX_POINT ( 'NONE', #359 ) ;
#38 = DIRECTION ( 'NONE',  ( 0.000000000000000000, 0.000000000000000000, -1.000000000000000000 ) ) ;
#39 = VERTEX_POINT ( 'NONE', #2267 ) ;
#40 = VECTOR ( 'NONE', #2140, 1000.000000000000000 ) ;
#41 = CARTESIAN_POINT ( 'NONE',  ( -20.85173990347987782, 52.02641605283201187, 1.000000000000000000 ) ) ;
#42 = ORIENTED_EDGE ( 'NONE', *, *, #975, .F. ) ;
#43 = VECTOR ( 'NONE', #1171, 1000.000000000000000 ) ;
#44 = CARTESIAN_POINT ( 'NONE',  ( -63.36159748425748717, 59.02641605283199766, -1.499999999999999112 ) ) ;
#45 = AXIS2_PLACEMENT_3D ( 'NONE', #1013, #2707, #2342 ) ;
#46 = CARTESIAN_POINT ( 'NONE',  ( -57.46012192024399212, 60.02641605283200477, -1.500000000000000444 ) ) ;
#47 = ORIENTED_EDGE ( 'NONE', *, *, #654, .T. ) ;
#48 = VECTOR ( 'NONE', #824, 1000.000000000000000 ) ;
#49 = CARTESIAN_POINT ( 'NONE',  ( -41.55996951993899557, 27.92494030988099851, 0.000000000000000000 ) ) ;
#50 = PLANE ( 'NONE',  #1866 ) ;
#51 = VECTOR ( 'NONE', #1730, 1000.000000000000000 ) ;
#52 = ADVANCED_FACE ( 'NONE', ( #2646 ), #112, .T. ) ;
#53 = EDGE_CURVE ( 'NONE', #2076, #1562, #517, .T. ) ;
#54 = ORIENTED_EDGE ( 'NONE', *, *, #1370, .F. ) ;
#55 = AXIS2_PLACEMENT_3D ( 'NONE', #2283, #1244, #829 ) ;
#56 = CARTESIAN_POINT ( 'NONE',  ( -18.95173990347990411, 25.30403860807699346, -6.009999999999999787 ) ) ;
#57 = VECTOR ( 'NONE', #414, 1000.000000000000000 ) ;
#58 = ORIENTED_EDGE ( 'NONE', *, *, #28, .F. ) ;
#59 = CARTESIAN_POINT ( 'NONE',  ( -64.41724682500429822, 60.02641605283200477, -1.499999999999999334 ) ) ;
#60 = VERTEX_POINT ( 'NONE', #141 ) ;
#61 = CARTESIAN_POINT ( 'NONE',  ( -65.88442977484862695, 57.99082456022092913, -6.009999999999999787 ) ) ;
#62 = LINE ( 'NONE', #2373, #1959 ) ;
#63 = ORIENTED_EDGE ( 'NONE', *, *, #875, .F. ) ;
#64 = DIRECTION ( 'NONE',  ( 1.000000000000000000, 7.922334622340056724E-15, 0.000000000000000000 ) ) ;
#65 = CARTESIAN_POINT ( 'NONE',  ( -1.357094282222741049E-13, 11.05172720345476911, 1.225187717355295805E-14 ) ) ;
#66 = EDGE_LOOP ( 'NONE', ( #2478, #1189, #2524, #182, #2063, #2184 ) ) ;
#67 = CARTESIAN_POINT ( 'NONE',  ( -54.70972821945600373, 58.22641605283200050, 0.5999999999999998668 ) ) ;
#68 = EDGE_CURVE ( 'NONE', #1946, #1941, #745, .T. ) ;
#69 = EDGE_CURVE ( 'NONE', #2197, #2661, #2242, .T. ) ;
#70 = DIRECTION ( 'NONE',  ( -1.000000000000000000, 0.000000000000000000, 4.108190591843664469E-16 ) ) ;
#71 = ORIENTED_EDGE ( 'NONE', *, *, #753, .F. ) ;
#72 = DIRECTION ( 'NONE',  ( 1.000000000000000000, -0.000000000000000000, 0.000000000000000000 ) ) ;
#73 = ORIENTED_EDGE ( 'NONE', *, *, #1551, .T. ) ;
#74 = LINE ( 'NONE', #2422, #2670 ) ;
#75 = CARTESIAN_POINT ( 'NONE',  ( -55.69710439420899917, 58.22641605283200050, -1.499999999999999556 ) ) ;
#76 = CARTESIAN_POINT ( 'NONE',  ( -41.55996951993899557, 27.92494030988099851, 1.500000000000000000 ) ) ;
#77 = DIRECTION ( 'NONE',  ( -1.446025196430910091E-15, 1.000000000000000000, 0.000000000000000000 ) ) ;
#78 = LINE ( 'NONE', #1687, #1778 ) ;
#79 = FACE_OUTER_BOUND ( 'NONE', #1125, .T. ) ;
#80 = EDGE_LOOP ( 'NONE', ( #797, #320, #1257, #1464, #2060, #1490 ) ) ;
#81 = ADVANCED_FACE ( 'NONE', ( #332 ), #549, .F. ) ;
#82 = CARTESIAN_POINT ( 'NONE',  ( -21.93904495809000110, 12.05172720345475135, -6.009999999999999787 ) ) ;
#83 = VERTEX_POINT ( 'NONE', #1374 ) ;
#84 = EDGE_CURVE ( 'NONE', #297, #304, #1425, .T. ) ;
#85 = VERTEX_POINT ( 'NONE', #124 ) ;
#86 = CARTESIAN_POINT ( 'NONE',  ( -24.43908432816851573, 12.85172720345399888, -5.400000000000000355 ) ) ;
#87 = ORIENTED_EDGE ( 'NONE', *, *, #2025, .T. ) ;
#88 = VECTOR ( 'NONE', #639, 1000.000000000000000 ) ;
#89 = DIRECTION ( 'NONE',  ( 1.000000000000000000, 0.000000000000000000, -0.000000000000000000 ) ) ;
#90 = VECTOR ( 'NONE', #2056, 1000.000000000000000 ) ;
#91 = ORIENTED_EDGE ( 'NONE', *, *, #699, .T. ) ;
#92 = CARTESIAN_POINT ( 'NONE',  ( -17.95173990348000004, 25.30403860807700056, -1.550000000000000933 ) ) ;
#93 = VECTOR ( 'NONE', #1023, 1000.000000000000000 ) ;
#94 = CARTESIAN_POINT ( 'NONE',  ( -65.88442960059720122, 59.02641605283199766, -6.009999999999999787 ) ) ;
#95 = VERTEX_POINT ( 'NONE', #343 ) ;
#96 = VECTOR ( 'NONE', #72, 1000.000000000000000 ) ;
#97 = LINE ( 'NONE', #712, #231 ) ;
#98 = VECTOR ( 'NONE', #1701, 1000.000000000000000 ) ;
#99 = VERTEX_POINT ( 'NONE', #2228 ) ;
#100 = DIRECTION ( 'NONE',  ( -1.000000000000000000, 0.000000000000000000, -0.000000000000000000 ) ) ;
#101 = CARTESIAN_POINT ( 'NONE',  ( -37.43908432816849086, 11.05172720345430903, 2.973811673103098158E-15 ) ) ;
#102 = ADVANCED_FACE ( 'NONE', ( #2021 ), #980, .T. ) ;
#103 = EDGE_CURVE ( 'NONE', #1624, #956, #221, .T. ) ;
#104 = VERTEX_POINT ( 'NONE', #152 ) ;
#105 = CARTESIAN_POINT ( 'NONE',  ( -20.85173990347987782, 52.02641605283201187, 1.250000000000000222 ) ) ;
#106 = DIRECTION ( 'NONE',  ( 1.000000000000000000, 0.000000000000000000, -1.160579026326414288E-16 ) ) ;
#107 = ORIENTED_EDGE ( 'NONE', *, *, #1943, .F. ) ;
#108 = CARTESIAN_POINT ( 'NONE',  ( -19.75173990347940745, 15.03903225806500110, 0.000000000000000000 ) ) ;
#109 = ORIENTED_EDGE ( 'NONE', *, *, #268, .T. ) ;
#110 = CARTESIAN_POINT ( 'NONE',  ( -20.80905505583099924, 56.97641605283200761, 0.000000000000000000 ) ) ;
#111 = ORIENTED_EDGE ( 'NONE', *, *, #1598, .T. ) ;
#112 = PLANE ( 'NONE',  #2528 ) ;
#113 = DIRECTION ( 'NONE',  ( -1.000000000000000000, -0.000000000000000000, -0.000000000000000000 ) ) ;
#114 = ORIENTED_EDGE ( 'NONE', *, *, #2551, .T. ) ;
#115 = ADVANCED_FACE ( 'NONE', ( #1827 ), #2061, .F. ) ;
#116 = CARTESIAN_POINT ( 'NONE',  ( -44.60996951993899984, 27.92494030988099851, 0.000000000000000000 ) ) ;
#117 = DIRECTION ( 'NONE',  ( -0.000000000000000000, 1.000000000000000000, -0.000000000000000000 ) ) ;
#118 = ADVANCED_FACE ( 'NONE', ( #1404 ), #776, .T. ) ;
#119 = DIRECTION ( 'NONE',  ( -0.000000000000000000, -0.000000000000000000, -1.000000000000000000 ) ) ;
#120 = DATE_TIME_ROLE ( 'classification_date' ) ;
#121 = ORIENTED_EDGE ( 'NONE', *, *, #1131, .F. ) ;
#122 = CARTESIAN_POINT ( 'NONE',  ( -21.93904495809000110, 15.03903225806500110, -6.009999999999999787 ) ) ;
#123 = ORIENTED_EDGE ( 'NONE', *, *, #475, .F. ) ;
#124 = CARTESIAN_POINT ( 'NONE',  ( -17.95173990348000004, 15.03903225806500110, -1.550000000000002931 ) ) ;
#125 = CARTESIAN_POINT ( 'NONE',  ( -19.75173990347981245, 15.03903225806500998, -1.550000000000002709 ) ) ;
#126 = ORIENTED_EDGE ( 'NONE', *, *, #837, .F. ) ;
#127 = DIRECTION ( 'NONE',  ( 0.000000000000000000, 0.000000000000000000, 1.000000000000000000 ) ) ;
#128 = PLANE ( 'NONE',  #2577 ) ;
#129 = ORIENTED_EDGE ( 'NONE', *, *, #2723, .T. ) ;
#130 = VECTOR ( 'NONE', #1640, 1000.000000000000000 ) ;
#131 = DIRECTION ( 'NONE',  ( 1.000000000000000000, 0.000000000000000000, 0.000000000000000000 ) ) ;
#132 = PERSON_AND_ORGANIZATION ( #520, #2323 ) ;
#133 = ADVANCED_FACE ( 'NONE', ( #572 ), #2451, .F. ) ;
#134 = EDGE_CURVE ( 'NONE', #1995, #1137, #302, .T. ) ;
#135 = VECTOR ( 'NONE', #2511, 1000.000000000000000 ) ;
#136 = ORIENTED_EDGE ( 'NONE', *, *, #29, .T. ) ;
#137 = VECTOR ( 'NONE', #468, 1000.000000000000000 ) ;
#138 = DIRECTION ( 'NONE',  ( 1.000000000000000000, -2.604288516225100000E-13, 0.000000000000000000 ) ) ;
#139 = AXIS2_PLACEMENT_3D ( 'NONE', #2731, #2675, #562 ) ;
#140 = EDGE_LOOP ( 'NONE', ( #1457, #2247, #801, #2458 ) ) ;
#141 = CARTESIAN_POINT ( 'NONE',  ( -65.88442977484862695, 57.99082456022092913, -6.000000000000000000 ) ) ;
#142 = APPROVAL_PERSON_ORGANIZATION ( #1629, #2010, #751 ) ;
#143 = LINE ( 'NONE', #1020, #1307 ) ;
#144 = ORIENTED_EDGE ( 'NONE', *, *, #203, .F. ) ;
#145 = CYLINDRICAL_SURFACE ( 'NONE', #2363, 1.187305231577902243 ) ;
#146 = CARTESIAN_POINT ( 'NONE',  ( -20.80905505583099924, 60.02641605283200477, 2.000000000000000000 ) ) ;
#147 = ORIENTED_EDGE ( 'NONE', *, *, #2329, .F. ) ;
#148 = ORIENTED_EDGE ( 'NONE', *, *, #2277, .F. ) ;
#149 = EDGE_CURVE ( 'NONE', #1555, #2340, #2465, .T. ) ;
#150 = LINE ( 'NONE', #2291, #2407 ) ;
#151 = VERTEX_POINT ( 'NONE', #2435 ) ;
#152 = CARTESIAN_POINT ( 'NONE',  ( -64.46012192024400633, 60.02641605283200477, -5.400000000000000355 ) ) ;
#153 = EDGE_CURVE ( 'NONE', #2358, #1632, #561, .T. ) ;
#154 = PLANE ( 'NONE',  #1961 ) ;
#155 = CARTESIAN_POINT ( 'NONE',  ( -62.93912369824698771, 12.85172720591721074, 50.78407294179726961 ) ) ;
#156 = ORIENTED_EDGE ( 'NONE', *, *, #1198, .F. ) ;
#157 = FACE_OUTER_BOUND ( 'NONE', #1076, .T. ) ;
#158 = CARTESIAN_POINT ( 'NONE',  ( -57.50299701548370024, 59.02641605283199766, -1.500000000000000222 ) ) ;
#159 = CARTESIAN_POINT ( 'NONE',  ( -65.88442960059720122, 60.02641605283200477, -5.000000000000000000 ) ) ;
#160 = VERTEX_POINT ( 'NONE', #1926 ) ;
#161 = FACE_OUTER_BOUND ( 'NONE', #1641, .T. ) ;
#162 = EDGE_CURVE ( 'NONE', #304, #2371, #1243, .T. ) ;
#163 = ORIENTED_EDGE ( 'NONE', *, *, #1650, .T. ) ;
#164 = DIRECTION ( 'NONE',  ( -1.000000000000000000, 0.000000000000000000, 0.000000000000000000 ) ) ;
#165 = ADVANCED_FACE ( 'NONE', ( #1485 ), #1018, .T. ) ;
#166 = EDGE_CURVE ( 'NONE', #13, #2011, #2618, .T. ) ;
#167 = ORIENTED_EDGE ( 'NONE', *, *, #962, .T. ) ;
#168 = CARTESIAN_POINT ( 'NONE',  ( -64.08542083027552394, 60.09431160335347499, 1.000000000000000000 ) ) ;
#169 = CARTESIAN_POINT ( 'NONE',  ( -66.88442960059718700, 59.02641622109469921, 2.000000000000000000 ) ) ;
#170 = VERTEX_POINT ( 'NONE', #179 ) ;
#171 = CARTESIAN_POINT ( 'NONE',  ( -49.79562883019551833, 60.02641605283200477, -1.499999999999999778 ) ) ;
#172 = CARTESIAN_POINT ( 'NONE',  ( -62.93912369824698771, 15.03903225806500110, -5.400000000000000355 ) ) ;
#173 = AXIS2_PLACEMENT_3D ( 'NONE', #2047, #1009, #2421 ) ;
#174 = ORIENTED_EDGE ( 'NONE', *, *, #2159, .T. ) ;
#175 = VECTOR ( 'NONE', #1432, 1000.000000000000114 ) ;
#176 = PLANE ( 'NONE',  #1529 ) ;
#177 = VERTEX_POINT ( 'NONE', #194 ) ;
#178 = VECTOR ( 'NONE', #740, 1000.000000000000000 ) ;
#179 = CARTESIAN_POINT ( 'NONE',  ( -47.00908045588099782, 52.02641605283201187, 1.000000000000000000 ) ) ;
#180 = LINE ( 'NONE', #1469, #2051 ) ;
#181 = AXIS2_PLACEMENT_3D ( 'NONE', #1760, #436, #1916 ) ;
#182 = ORIENTED_EDGE ( 'NONE', *, *, #2724, .F. ) ;
#183 = VECTOR ( 'NONE', #916, 1000.000000000000000 ) ;
#184 = EDGE_CURVE ( 'NONE', #419, #1949, #1675, .T. ) ;
#185 = EDGE_CURVE ( 'NONE', #1746, #2358, #898, .T. ) ;
#186 = CARTESIAN_POINT ( 'NONE',  ( -24.43908432816851573, 12.05172720345461101, -1.550000000000003597 ) ) ;
#187 = COORDINATED_UNIVERSAL_TIME_OFFSET ( 8, 0, .AHEAD. ) ;
#188 = PLANE ( 'NONE',  #1026 ) ;
#189 = VERTEX_POINT ( 'NONE', #660 ) ;
#190 = DIRECTION ( 'NONE',  ( -0.000000000000000000, -0.000000000000000000, 1.000000000000000000 ) ) ;
#191 = ORIENTED_EDGE ( 'NONE', *, *, #1601, .F. ) ;
#192 = FACE_OUTER_BOUND ( 'NONE', #2381, .T. ) ;
#193 = EDGE_LOOP ( 'NONE', ( #456, #1592, #1121, #695, #1795, #950 ) ) ;
#194 = CARTESIAN_POINT ( 'NONE',  ( -49.43908432816849796, 12.05172720345399817, -6.000000000000000000 ) ) ;
#195 = CARTESIAN_POINT ( 'NONE',  ( -49.79562883019551833, 58.22641605283200050, -1.499999999999999778 ) ) ;
#196 = LINE ( 'NONE', #1717, #2096 ) ;
#197 = EDGE_LOOP ( 'NONE', ( #2086, #1512, #1223, #1403, #232, #1072, #1659, #33 ) ) ;
#198 = CARTESIAN_POINT ( 'NONE',  ( -62.93912369824698771, 11.05172730360398603, -6.000000000000000000 ) ) ;
#199 = CARTESIAN_POINT ( 'NONE',  ( -21.93904495809000110, 15.03903225806500110, -1.550000000000002709 ) ) ;
#200 = EDGE_CURVE ( 'NONE', #2117, #2262, #2081, .T. ) ;
#201 = EDGE_LOOP ( 'NONE', ( #1187, #63, #558, #2006 ) ) ;
#202 = DIRECTION ( 'NONE',  ( -1.000000000000000000, 0.000000000000000000, 0.000000000000000000 ) ) ;
#203 = EDGE_CURVE ( 'NONE', #2454, #1552, #607, .T. ) ;
#204 = ORIENTED_EDGE ( 'NONE', *, *, #1041, .T. ) ;
#205 = PLANE ( 'NONE',  #2455 ) ;
#206 = ORIENTED_EDGE ( 'NONE', *, *, #1419, .T. ) ;
#207 = DIRECTION ( 'NONE',  ( -1.000000000000000000, -0.000000000000000000, -0.000000000000000000 ) ) ;
#208 = CARTESIAN_POINT ( 'NONE',  ( -35.43908432816849086, 11.05172720345433390, 0.000000000000000000 ) ) ;
#209 = PLANE ( 'NONE',  #771 ) ;
#210 = EDGE_LOOP ( 'NONE', ( #2094, #2015, #2284, #1860, #2510, #1064 ) ) ;
#211 = CARTESIAN_POINT ( 'NONE',  ( -19.75173990347981245, 15.03903225806500110, -1.550000000000002709 ) ) ;
#212 = APPROVAL_STATUS ( 'not_yet_approved' ) ;
#213 = CARTESIAN_POINT ( 'NONE',  ( -40.10996951993899984, 27.92494030988099851, 0.000000000000000000 ) ) ;
#214 = CARTESIAN_POINT ( 'NONE',  ( -28.95173990348000004, 25.30403860807700056, -1.550000000000000933 ) ) ;
#215 = CARTESIAN_POINT ( 'NONE',  ( -49.43908432816851217, 12.85172720187683915, -1.999999999999994893 ) ) ;
#216 = DIRECTION ( 'NONE',  ( 0.7071067811865439090, 8.676180231871890076E-15, -0.7071067811865512365 ) ) ;
#217 = EDGE_LOOP ( 'NONE', ( #2374, #1514, #2423, #1662, #1575, #1739, #1797, #1892, #1045, #966 ) ) ;
#218 = EDGE_CURVE ( 'NONE', #1941, #1856, #1725, .T. ) ;
#219 = EDGE_CURVE ( 'NONE', #151, #2687, #1935, .T. ) ;
#220 = FACE_OUTER_BOUND ( 'NONE', #2101, .T. ) ;
#221 = CIRCLE ( 'NONE', #533, 2.187305106634757301 ) ;
#222 = ORIENTED_EDGE ( 'NONE', *, *, #2480, .F. ) ;
#223 = VECTOR ( 'NONE', #1913, 1000.000000000000000 ) ;
#224 = DIRECTION ( 'NONE',  ( 1.000000000000000000, 0.000000000000000000, 2.478176394252582620E-16 ) ) ;
#225 = DIRECTION ( 'NONE',  ( -1.000000000000000000, 0.000000000000000000, 0.000000000000000000 ) ) ;
#226 = AXIS2_PLACEMENT_3D ( 'NONE', #708, #14, #2758 ) ;
#227 = ORIENTED_EDGE ( 'NONE', *, *, #1215, .F. ) ;
#228 = AXIS2_PLACEMENT_3D ( 'NONE', #780, #1354, #2424 ) ;
#229 = CARTESIAN_POINT ( 'NONE',  ( -64.12642901655891592, 15.03856309166686600, 1.000000000000000000 ) ) ;
#230 = FACE_OUTER_BOUND ( 'NONE', #1331, .T. ) ;
#231 = VECTOR ( 'NONE', #1756, 1000.000000000000000 ) ;
#232 = ORIENTED_EDGE ( 'NONE', *, *, #773, .F. ) ;
#233 = CARTESIAN_POINT ( 'NONE',  ( -57.46012192024399212, 59.02641605283199766, -1.500000000000000444 ) ) ;
#234 = VECTOR ( 'NONE', #2207, 1000.000000000000000 ) ;
#235 = DIRECTION ( 'NONE',  ( -1.226997175350663321E-14, 1.000000000000000000, 0.000000000000000000 ) ) ;
#236 = DIRECTION ( 'NONE',  ( -0.000000000000000000, 1.000000000000000000, -0.000000000000000000 ) ) ;
#237 = EDGE_LOOP ( 'NONE', ( #427, #450, #1100, #2029, #1980, #878 ) ) ;
#238 = ADVANCED_FACE ( 'NONE', ( #1889 ), #835, .T. ) ;
#239 = EDGE_CURVE ( 'NONE', #27, #1252, #850, .T. ) ;
#240 = CARTESIAN_POINT ( 'NONE',  ( -62.93912369824698771, 15.03903225806500110, 50.78407294179726961 ) ) ;
#241 = EDGE_LOOP ( 'NONE', ( #1867, #2287, #2067, #1689 ) ) ;
#242 = EDGE_CURVE ( 'NONE', #1444, #1645, #441, .T. ) ;
#243 = LINE ( 'NONE', #1094, #51 ) ;
#244 = LINE ( 'NONE', #2410, #1474 ) ;
#245 = ORIENTED_EDGE ( 'NONE', *, *, #2703, .T. ) ;
#246 = CARTESIAN_POINT ( 'NONE',  ( -58.55864635623051129, 58.22641605283200050, 50.78407294179726961 ) ) ;
#247 = DIRECTION ( 'NONE',  ( 1.000000000000000000, 1.446025196430910091E-15, -0.000000000000000000 ) ) ;
#248 = DIRECTION ( 'NONE',  ( 0.000000000000000000, 0.000000000000000000, 1.000000000000000000 ) ) ;
#249 = ORIENTED_EDGE ( 'NONE', *, *, #254, .T. ) ;
#250 = DIRECTION ( 'NONE',  ( -1.000000000000000000, 0.000000000000000000, -0.000000000000000000 ) ) ;
#251 = ORIENTED_EDGE ( 'NONE', *, *, #1406, .F. ) ;
#252 = DIRECTION ( 'NONE',  ( 0.000000000000000000, 0.000000000000000000, 1.000000000000000000 ) ) ;
#253 = EDGE_CURVE ( 'NONE', #2253, #429, #1900, .T. ) ;
#254 = EDGE_CURVE ( 'NONE', #2661, #484, #10, .T. ) ;
#255 = LINE ( 'NONE', #1554, #1823 ) ;
#256 = ORIENTED_EDGE ( 'NONE', *, *, #926, .T. ) ;
#257 = FACE_OUTER_BOUND ( 'NONE', #1348, .T. ) ;
#258 = CARTESIAN_POINT ( 'NONE',  ( -21.93904495809000110, 12.85172720345399888, -1.550000000000002709 ) ) ;
#259 = ORIENTED_EDGE ( 'NONE', *, *, #1849, .F. ) ;
#260 = DIRECTION ( 'NONE',  ( -1.226997175350663321E-14, 1.000000000000000000, -7.006492321624085355E-46 ) ) ;
#261 = ORIENTED_EDGE ( 'NONE', *, *, #1785, .F. ) ;
#262 = LINE ( 'NONE', #59, #2678 ) ;
#263 = ORIENTED_EDGE ( 'NONE', *, *, #939, .F. ) ;
#264 = VECTOR ( 'NONE', #407, 1000.000000000000000 ) ;
#265 = DIRECTION ( 'NONE',  ( 1.000000000000000000, 5.576798466548150274E-14, -0.000000000000000000 ) ) ;
#266 = VECTOR ( 'NONE', #834, 1000.000000000000000 ) ;
#267 = PLANE ( 'NONE',  #2531 ) ;
#268 = EDGE_CURVE ( 'NONE', #2262, #2236, #2525, .T. ) ;
#269 = EDGE_CURVE ( 'NONE', #2692, #99, #848, .T. ) ;
#270 = VECTOR ( 'NONE', #820, 1000.000000000000000 ) ;
#271 = DIRECTION ( 'NONE',  ( -0.000000000000000000, -0.000000000000000000, -1.000000000000000000 ) ) ;
#272 = AXIS2_PLACEMENT_3D ( 'NONE', #2477, #1035, #1010 ) ;
#273 = VECTOR ( 'NONE', #967, 1000.000000000000000 ) ;
#274 = DIRECTION ( 'NONE',  ( 0.000000000000000000, 0.000000000000000000, -1.000000000000000000 ) ) ;
#275 = DIRECTION ( 'NONE',  ( -1.000000000000000000, 0.000000000000000000, -0.000000000000000000 ) ) ;
#276 =( GEOMETRIC_REPRESENTATION_CONTEXT ( 3 ) GLOBAL_UNCERTAINTY_ASSIGNED_CONTEXT ( ( #1591 ) ) GLOBAL_UNIT_ASSIGNED_CONTEXT ( ( #686, #1978, #1536 ) ) REPRESENTATION_CONTEXT ( 'NONE', 'WORKASPACE' ) );
#277 = ORIENTED_EDGE ( 'NONE', *, *, #1198, .T. ) ;
#278 = CARTESIAN_POINT ( 'NONE',  ( -58.55864635623051129, 60.02641605283200477, 0.5999999999999996447 ) ) ;
#279 = ORIENTED_EDGE ( 'NONE', *, *, #633, .T. ) ;
#280 = CARTESIAN_POINT ( 'NONE',  ( -20.80905505583099924, 59.02641605283199766, -6.009999999999999787 ) ) ;
#281 = LINE ( 'NONE', #2594, #2620 ) ;
#282 = PLANE ( 'NONE',  #355 ) ;
#283 = EDGE_CURVE ( 'NONE', #1856, #640, #2750, .T. ) ;
#284 = ORIENTED_EDGE ( 'NONE', *, *, #2636, .F. ) ;
#285 = LINE ( 'NONE', #750, #985 ) ;
#286 = DIRECTION ( 'NONE',  ( -1.000000000000000000, 0.000000000000000000, 0.000000000000000000 ) ) ;
#287 = EDGE_CURVE ( 'NONE', #587, #729, #1698, .T. ) ;
#288 = EDGE_LOOP ( 'NONE', ( #833, #1323, #2126, #2265, #1371, #2677 ) ) ;
#289 = CARTESIAN_POINT ( 'NONE',  ( -20.80905505583099924, 56.97641605283200761, 0.000000000000000000 ) ) ;
#290 = ORIENTED_EDGE ( 'NONE', *, *, #200, .T. ) ;
#291 = CARTESIAN_POINT ( 'NONE',  ( -65.88442960059720122, 60.02641605283200477, -5.400000000000000355 ) ) ;
#292 = CARTESIAN_POINT ( 'NONE',  ( -24.43908432816851573, 12.85172720345399888, 3.538379098057295113 ) ) ;
#293 = APPLICATION_CONTEXT ( 'configuration controlled 3d designs of mechanical parts and assemblies' ) ;
#294 = FACE_OUTER_BOUND ( 'NONE', #2170, .T. ) ;
#295 = DIRECTION ( 'NONE',  ( 1.000000000000000000, -0.000000000000000000, -0.000000000000000000 ) ) ;
#296 = DIRECTION ( 'NONE',  ( 1.226997175350663321E-14, -1.000000000000000000, -0.000000000000000000 ) ) ;
#297 = VERTEX_POINT ( 'NONE', #2738 ) ;
#298 = EDGE_CURVE ( 'NONE', #1887, #2507, #391, .T. ) ;
#299 = EDGE_CURVE ( 'NONE', #956, #460, #1205, .T. ) ;
#300 = LINE ( 'NONE', #1160, #498 ) ;
#301 = EDGE_LOOP ( 'NONE', ( #1722, #1361, #1090, #1822, #1235, #227, #1619, #2312 ) ) ;
#302 = LINE ( 'NONE', #1165, #2354 ) ;
#303 = CARTESIAN_POINT ( 'NONE',  ( 0.000000000000000000, 57.02641605283200477, 0.000000000000000000 ) ) ;
#304 = VERTEX_POINT ( 'NONE', #1027 ) ;
#305 = AXIS2_PLACEMENT_3D ( 'NONE', #2584, #1751, #1112 ) ;
#306 = PLANE ( 'NONE',  #768 ) ;
#307 = DIRECTION ( 'NONE',  ( 0.000000000000000000, 0.000000000000000000, -1.000000000000000000 ) ) ;
#308 = VECTOR ( 'NONE', #512, 1000.000000000000000 ) ;
#309 = ORIENTED_EDGE ( 'NONE', *, *, #2431, .T. ) ;
#310 = DIRECTION ( 'NONE',  ( -0.000000000000000000, -0.000000000000000000, -1.000000000000000000 ) ) ;
#311 = VECTOR ( 'NONE', #2134, 1000.000000000000000 ) ;
#312 = DIRECTION ( 'NONE',  ( 0.000000000000000000, 0.000000000000000000, 1.000000000000000000 ) ) ;
#313 = ORIENTED_EDGE ( 'NONE', *, *, #166, .F. ) ;
#314 = AXIS2_PLACEMENT_3D ( 'NONE', #1812, #2244, #333 ) ;
#315 = APPROVAL ( #2443, 'æœª' ) ;
#316 = DIRECTION ( 'NONE',  ( 0.000000000000000000, -1.000000000000000000, 0.000000000000000000 ) ) ;
#317 = VECTOR ( 'NONE', #2186, 1000.000000000000000 ) ;
#318 = ADVANCED_FACE ( 'NONE', ( #1285 ), #2335, .T. ) ;
#319 = EDGE_CURVE ( 'NONE', #1299, #1993, #1670, .T. ) ;
#320 = ORIENTED_EDGE ( 'NONE', *, *, #2430, .T. ) ;
#321 = DIRECTION ( 'NONE',  ( 0.000000000000000000, 0.000000000000000000, -1.000000000000000000 ) ) ;
#322 = FACE_OUTER_BOUND ( 'NONE', #744, .T. ) ;
#323 = ADVANCED_FACE ( 'NONE', ( #1088 ), #880, .F. ) ;
#324 = ORIENTED_EDGE ( 'NONE', *, *, #1669, .T. ) ;
#325 = DIRECTION ( 'NONE',  ( 0.000000000000000000, 0.000000000000000000, 1.000000000000000000 ) ) ;
#326 = CARTESIAN_POINT ( 'NONE',  ( -41.55996951993899557, 27.92494030988099851, 0.000000000000000000 ) ) ;
#327 = ORIENTED_EDGE ( 'NONE', *, *, #1930, .F. ) ;
#328 = CARTESIAN_POINT ( 'NONE',  ( -47.00908045588099782, 57.02641605283200477, 1.000000000000000000 ) ) ;
#329 = ORIENTED_EDGE ( 'NONE', *, *, #580, .T. ) ;
#330 = CARTESIAN_POINT ( 'NONE',  ( -49.43908432816849796, 12.05172720345399817, -6.009999999999999787 ) ) ;
#331 = ORIENTED_EDGE ( 'NONE', *, *, #1706, .T. ) ;
#332 = FACE_OUTER_BOUND ( 'NONE', #1808, .T. ) ;
#333 = DIRECTION ( 'NONE',  ( -1.000000000000000000, 0.000000000000000000, 0.000000000000000000 ) ) ;
#334 = ORIENTED_EDGE ( 'NONE', *, *, #2260, .F. ) ;
#335 = EDGE_CURVE ( 'NONE', #1176, #2717, #1956, .T. ) ;
#336 = ADVANCED_FACE ( 'NONE', ( #1255 ), #909, .F. ) ;
#337 = FACE_OUTER_BOUND ( 'NONE', #2682, .T. ) ;
#338 = CARTESIAN_POINT ( 'NONE',  ( -47.00908045588099782, 60.02641605283200477, 1.000000000000000000 ) ) ;
#339 = CALENDAR_DATE ( 2026, 15, 8 ) ;
#340 = ORIENTED_EDGE ( 'NONE', *, *, #528, .T. ) ;
#341 = CARTESIAN_POINT ( 'NONE',  ( -65.08442973520735109, 58.22641605283200050, 50.78407294179726961 ) ) ;
#342 = VERTEX_POINT ( 'NONE', #36 ) ;
#343 = CARTESIAN_POINT ( 'NONE',  ( -47.00908045588099782, 57.02641605283200477, 2.000000000000000000 ) ) ;
#344 = DIRECTION ( 'NONE',  ( 1.000000000000000000, 0.000000000000000000, 0.000000000000000000 ) ) ;
#345 = ORIENTED_EDGE ( 'NONE', *, *, #580, .F. ) ;
#346 = FACE_OUTER_BOUND ( 'NONE', #747, .T. ) ;
#347 = VECTOR ( 'NONE', #2346, 1000.000000000000000 ) ;
#348 = PLANE ( 'NONE',  #1605 ) ;
#349 = ADVANCED_FACE ( 'NONE', ( #294 ), #50, .F. ) ;
#350 = ORIENTED_EDGE ( 'NONE', *, *, #1990, .F. ) ;
#351 = VECTOR ( 'NONE', #1311, 1000.000000000000000 ) ;
#352 = CARTESIAN_POINT ( 'NONE',  ( -48.69710439420900627, 58.22641605283200050, -5.400000000000000355 ) ) ;
#353 = VECTOR ( 'NONE', #2652, 1000.000000000000000 ) ;
#354 = ORIENTED_EDGE ( 'NONE', *, *, #1418, .T. ) ;
#355 = AXIS2_PLACEMENT_3D ( 'NONE', #521, #507, #931 ) ;
#356 = CARTESIAN_POINT ( 'NONE',  ( -62.93912369824744246, 13.30403860808861793, -6.000000000000000000 ) ) ;
#357 = VECTOR ( 'NONE', #2131, 1000.000000000000000 ) ;
#358 = ORIENTED_EDGE ( 'NONE', *, *, #2003, .F. ) ;
#359 = CARTESIAN_POINT ( 'NONE',  ( -54.70972821945600373, 60.02641605283200477, 0.6000000000000003109 ) ) ;
#360 = LINE ( 'NONE', #2243, #2623 ) ;
#361 = AXIS2_PLACEMENT_3D ( 'NONE', #2337, #1482, #658 ) ;
#362 = CARTESIAN_POINT ( 'NONE',  ( -62.93912369824698771, 15.03903225806500110, 1.000000000000000000 ) ) ;
#363 = CARTESIAN_POINT ( 'NONE',  ( -62.93912369824698771, 15.03903225806500110, 1.000000000000000000 ) ) ;
#364 = LINE ( 'NONE', #2107, #2043 ) ;
#365 = ORIENTED_EDGE ( 'NONE', *, *, #772, .T. ) ;
#366 = EDGE_CURVE ( 'NONE', #2018, #2104, #2154, .T. ) ;
#367 = EDGE_LOOP ( 'NONE', ( #2270, #1333, #277, #2529 ) ) ;
#368 = ADVANCED_FACE ( 'NONE', ( #2192 ), #2569, .F. ) ;
#369 = ADVANCED_FACE ( 'NONE', ( #1546 ), #2597, .F. ) ;
#370 = DIRECTION ( 'NONE',  ( 1.000000000000000000, 0.000000000000000000, 0.000000000000000000 ) ) ;
#371 = ORIENTED_EDGE ( 'NONE', *, *, #1990, .T. ) ;
#372 = LINE ( 'NONE', #2308, #1122 ) ;
#373 = ORIENTED_EDGE ( 'NONE', *, *, #912, .F. ) ;
#374 = CARTESIAN_POINT ( 'NONE',  ( -65.88442977484862695, 57.99082456022092913, -5.400000000000000355 ) ) ;
#375 = CARTESIAN_POINT ( 'NONE',  ( -42.35996951993899984, 27.92494030988099851, 1.500000000000000000 ) ) ;
#376 = ORIENTED_EDGE ( 'NONE', *, *, #890, .F. ) ;
#377 = LINE ( 'NONE', #2696, #901 ) ;
#378 = DIRECTION ( 'NONE',  ( 0.000000000000000000, 1.000000000000000000, -0.000000000000000000 ) ) ;
#379 = EDGE_LOOP ( 'NONE', ( #1600, #2304, #2468, #1240 ) ) ;
#380 = FACE_OUTER_BOUND ( 'NONE', #1193, .T. ) ;
#381 = ORIENTED_EDGE ( 'NONE', *, *, #822, .F. ) ;
#382 = EDGE_CURVE ( 'NONE', #342, #635, #508, .T. ) ;
#383 = CARTESIAN_POINT ( 'NONE',  ( -62.93912369824698771, 11.05172730360398603, -6.000000000000000000 ) ) ;
#384 = ORIENTED_EDGE ( 'NONE', *, *, #2566, .F. ) ;
#385 = DIRECTION ( 'NONE',  ( 7.380366148772792322E-15, -1.000000000000000000, 0.000000000000000000 ) ) ;
#386 = PERSON_AND_ORGANIZATION ( #520, #2323 ) ;
#387 = DIRECTION ( 'NONE',  ( -0.000000000000000000, -0.000000000000000000, -1.000000000000000000 ) ) ;
#388 = VERTEX_POINT ( 'NONE', #455 ) ;
#389 = VECTOR ( 'NONE', #1204, 1000.000000000000000 ) ;
#390 = CARTESIAN_POINT ( 'NONE',  ( -18.95173990348000004, 60.02641605283200477, -6.000000000000000000 ) ) ;
#391 = LINE ( 'NONE', #2542, #2396 ) ;
#392 = AXIS2_PLACEMENT_3D ( 'NONE', #1330, #247, #1099 ) ;
#393 = ORIENTED_EDGE ( 'NONE', *, *, #1989, .F. ) ;
#394 = VECTOR ( 'NONE', #1899, 1000.000000000000000 ) ;
#395 = DIRECTION ( 'NONE',  ( -0.000000000000000000, -0.000000000000000000, 1.000000000000000000 ) ) ;
#396 = VERTEX_POINT ( 'NONE', #258 ) ;
#397 = AXIS2_PLACEMENT_3D ( 'NONE', #1587, #2471, #2428 ) ;
#398 = CARTESIAN_POINT ( 'NONE',  ( -18.95173990347993964, 37.52641605283200477, -5.400000000000000355 ) ) ;
#399 = DIRECTION ( 'NONE',  ( 2.054095295921832234E-16, 0.000000000000000000, -1.000000000000000000 ) ) ;
#400 = EDGE_CURVE ( 'NONE', #1887, #710, #1534, .T. ) ;
#401 = VECTOR ( 'NONE', #404, 1000.000000000000000 ) ;
#402 = ORIENTED_EDGE ( 'NONE', *, *, #2551, .F. ) ;
#403 = VECTOR ( 'NONE', #1416, 1000.000000000000000 ) ;
#404 = DIRECTION ( 'NONE',  ( -0.000000000000000000, -0.000000000000000000, -1.000000000000000000 ) ) ;
#405 = EDGE_CURVE ( 'NONE', #2145, #2579, #920, .T. ) ;
#406 = COORDINATED_UNIVERSAL_TIME_OFFSET ( 8, 0, .AHEAD. ) ;
#407 = DIRECTION ( 'NONE',  ( 1.226997175350663321E-14, -1.000000000000000000, -0.000000000000000000 ) ) ;
#408 = VECTOR ( 'NONE', #316, 1000.000000000000000 ) ;
#409 = DIRECTION ( 'NONE',  ( 1.226997175350663321E-14, -1.000000000000000000, 7.006492321624085355E-46 ) ) ;
#410 = CC_DESIGN_SECURITY_CLASSIFICATION ( #911, ( #2276 ) ) ;
#411 = DIRECTION ( 'NONE',  ( -0.000000000000000000, -0.000000000000000000, 1.000000000000000000 ) ) ;
#412 = CARTESIAN_POINT ( 'NONE',  ( -64.08542083027552394, 60.09431160335347499, 0.000000000000000000 ) ) ;
#413 = VERTEX_POINT ( 'NONE', #684 ) ;
#414 = DIRECTION ( 'NONE',  ( 0.000000000000000000, 1.000000000000000000, 0.000000000000000000 ) ) ;
#415 = ORIENTED_EDGE ( 'NONE', *, *, #509, .F. ) ;
#416 = CARTESIAN_POINT ( 'NONE',  ( -20.80905505583099924, 56.97641605283200761, 1.000000000000000000 ) ) ;
#417 = DIRECTION ( 'NONE',  ( -2.839452576972512724E-15, 1.000000000000000000, 0.000000000000000000 ) ) ;
#418 = LINE ( 'NONE', #1952, #1967 ) ;
#419 = VERTEX_POINT ( 'NONE', #2362 ) ;
#420 = CARTESIAN_POINT ( 'NONE',  ( -65.92642622816275377, 15.04195331530343971, -6.000000000000000000 ) ) ;
#421 = DIRECTION ( 'NONE',  ( 1.734723479396727693E-14, -1.000000000000000000, 0.000000000000000000 ) ) ;
#422 = DIRECTION ( 'NONE',  ( 1.000000000000000000, -0.000000000000000000, -0.000000000000000000 ) ) ;
#423 = ADVANCED_FACE ( 'NONE', ( #1315 ), #1761, .F. ) ;
#424 = EDGE_CURVE ( 'NONE', #2655, #710, #1557, .T. ) ;
#425 = DIRECTION ( 'NONE',  ( 0.000000000000000000, 0.000000000000000000, 1.000000000000000000 ) ) ;
#426 = DIRECTION ( 'NONE',  ( -1.000000000000000000, 0.000000000000000000, 2.054095295921832234E-16 ) ) ;
#427 = ORIENTED_EDGE ( 'NONE', *, *, #1245, .T. ) ;
#428 = PLANE ( 'NONE',  #1309 ) ;
#429 = VERTEX_POINT ( 'NONE', #469 ) ;
#430 = LINE ( 'NONE', #1290, #1 ) ;
#431 = CARTESIAN_POINT ( 'NONE',  ( -63.36159748425748717, 58.22641605283200050, 0.6000000000000003109 ) ) ;
#432 = ORIENTED_EDGE ( 'NONE', *, *, #1041, .F. ) ;
#433 = CARTESIAN_POINT ( 'NONE',  ( -20.80905505583099924, 58.22641605283200761, 50.78407294179726961 ) ) ;
#434 = CARTESIAN_POINT ( 'NONE',  ( -57.46012192024399212, 58.22641605283200050, -1.500000000000000222 ) ) ;
#435 = EDGE_LOOP ( 'NONE', ( #2023, #376, #2666, #2713, #2697, #1764, #608, #988 ) ) ;
#436 = DIRECTION ( 'NONE',  ( -1.000000000000000000, 0.000000000000000000, 0.000000000000000000 ) ) ;
#437 = CARTESIAN_POINT ( 'NONE',  ( -42.35996951993899984, 27.92494030988099851, 0.000000000000000000 ) ) ;
#438 = ORIENTED_EDGE ( 'NONE', *, *, #634, .T. ) ;
#439 = DIRECTION ( 'NONE',  ( -0.000000000000000000, -0.000000000000000000, 1.000000000000000000 ) ) ;
#440 = ADVANCED_FACE ( 'NONE', ( #722 ), #1574, .T. ) ;
#441 = CIRCLE ( 'NONE', #2709, 2.250000000000001776 ) ;
#442 = EDGE_LOOP ( 'NONE', ( #1580, #589 ) ) ;
#443 = VECTOR ( 'NONE', #2376, 1000.000000000000000 ) ;
#444 = LINE ( 'NONE', #1291, #357 ) ;
#445 = VECTOR ( 'NONE', #119, 1000.000000000000000 ) ;
#446 = ORIENTED_EDGE ( 'NONE', *, *, #461, .T. ) ;
#447 = VECTOR ( 'NONE', #1542, 1000.000000000000000 ) ;
#448 = CARTESIAN_POINT ( 'NONE',  ( -48.73997948944870728, 59.02641605283199766, -1.500000000000000000 ) ) ;
#449 = CARTESIAN_POINT ( 'NONE',  ( -57.46012192024399212, 58.22641605283200050, -5.400000000000000355 ) ) ;
#450 = ORIENTED_EDGE ( 'NONE', *, *, #1078, .F. ) ;
#451 = VECTOR ( 'NONE', #1360, 1000.000000000000000 ) ;
#452 = ORIENTED_EDGE ( 'NONE', *, *, #1369, .T. ) ;
#453 = LINE ( 'NONE', #1087, #1435 ) ;
#454 = VECTOR ( 'NONE', #1386, 1000.000000000000000 ) ;
#455 = CARTESIAN_POINT ( 'NONE',  ( -49.79562883019551833, 58.22641605283200050, -1.499999999999999778 ) ) ;
#456 = ORIENTED_EDGE ( 'NONE', *, *, #1989, .T. ) ;
#457 = CC_DESIGN_APPROVAL ( #2010, ( #2501 ) ) ;
#458 = ADVANCED_FACE ( 'NONE', ( #1735 ), #1211, .F. ) ;
#459 = LINE ( 'NONE', #1318, #57 ) ;
#460 = VERTEX_POINT ( 'NONE', #2027 ) ;
#461 = EDGE_CURVE ( 'NONE', #2152, #593, #986, .T. ) ;
#462 = EDGE_CURVE ( 'NONE', #569, #1113, #792, .T. ) ;
#463 = DIRECTION ( 'NONE',  ( -0.000000000000000000, -0.000000000000000000, -1.000000000000000000 ) ) ;
#464 = ORIENTED_EDGE ( 'NONE', *, *, #2382, .F. ) ;
#465 = LINE ( 'NONE', #1310, #311 ) ;
#466 = PLANE ( 'NONE',  #760 ) ;
#467 = ORIENTED_EDGE ( 'NONE', *, *, #2463, .F. ) ;
#468 = DIRECTION ( 'NONE',  ( 0.000000000000000000, 0.000000000000000000, -1.000000000000000000 ) ) ;
#469 = CARTESIAN_POINT ( 'NONE',  ( -47.00908045588099782, 58.22641605283200050, -5.400000000000000355 ) ) ;
#470 = ORIENTED_EDGE ( 'NONE', *, *, #1352, .T. ) ;
#471 = FACE_OUTER_BOUND ( 'NONE', #2671, .T. ) ;
#472 = VERTEX_POINT ( 'NONE', #1001 ) ;
#473 = LINE ( 'NONE', #871, #2539 ) ;
#474 = EDGE_CURVE ( 'NONE', #2181, #1283, #973, .T. ) ;
#475 = EDGE_CURVE ( 'NONE', #83, #1466, #2177, .T. ) ;
#476 = ORIENTED_EDGE ( 'NONE', *, *, #1753, .T. ) ;
#477 = CARTESIAN_POINT ( 'NONE',  ( -55.69710439420899917, 60.02641605283200477, -5.400000000000000355 ) ) ;
#478 = CARTESIAN_POINT ( 'NONE',  ( -55.65422929896929105, 60.02641605283200477, -1.500000000000000000 ) ) ;
#479 = ORIENTED_EDGE ( 'NONE', *, *, #1671, .T. ) ;
#480 = FACE_OUTER_BOUND ( 'NONE', #1050, .T. ) ;
#481 = ORIENTED_EDGE ( 'NONE', *, *, #1107, .T. ) ;
#482 = FACE_OUTER_BOUND ( 'NONE', #2368, .T. ) ;
#483 = PLANE ( 'NONE',  #1969 ) ;
#484 = VERTEX_POINT ( 'NONE', #781 ) ;
#485 = AXIS2_PLACEMENT_3D ( 'NONE', #1851, #2700, #2212 ) ;
#486 = CARTESIAN_POINT ( 'NONE',  ( -54.70972821945600373, 60.02641605283200477, -1.500000000000000000 ) ) ;
#487 = ORIENTED_EDGE ( 'NONE', *, *, #1321, .T. ) ;
#488 = AXIS2_PLACEMENT_3D ( 'NONE', #1366, #2203, #1948 ) ;
#489 = EDGE_CURVE ( 'NONE', #1777, #698, #2694, .T. ) ;
#490 = DIRECTION ( 'NONE',  ( -1.000000000000000000, 0.000000000000000000, 0.000000000000000000 ) ) ;
#491 = VECTOR ( 'NONE', #2016, 1000.000000000000000 ) ;
#492 = LINE ( 'NONE', #1531, #351 ) ;
#493 = VECTOR ( 'NONE', #1942, 1000.000000000000000 ) ;
#494 = ADVANCED_FACE ( 'NONE', ( #2440 ), #348, .F. ) ;
#495 = DIRECTION ( 'NONE',  ( 0.000000000000000000, 0.000000000000000000, 1.000000000000000000 ) ) ;
#496 = DIRECTION ( 'NONE',  ( 1.000000000000000000, 1.446025196430910091E-15, -0.000000000000000000 ) ) ;
#497 = VECTOR ( 'NONE', #2691, 1000.000000000000000 ) ;
#498 = VECTOR ( 'NONE', #2169, 1000.000000000000000 ) ;
#499 = DIRECTION ( 'NONE',  ( -1.682627014525497223E-07, -0.9999999999999857891, 0.000000000000000000 ) ) ;
#500 = DIRECTION ( 'NONE',  ( 5.576798466548150274E-14, -1.000000000000000000, 0.000000000000000000 ) ) ;
#501 = CC_DESIGN_APPROVAL ( #2494, ( #911 ) ) ;
#502 = VERTEX_POINT ( 'NONE', #1833 ) ;
#503 = DIRECTION ( 'NONE',  ( 1.226997175350663321E-14, -1.000000000000000000, 7.006492321624085355E-46 ) ) ;
#504 = EDGE_LOOP ( 'NONE', ( #263, #971 ) ) ;
#505 = CARTESIAN_POINT ( 'NONE',  ( -64.12642901655891592, 15.03856309166686600, 1.000000000000000000 ) ) ;
#506 = DIRECTION ( 'NONE',  ( 0.000000000000000000, 0.000000000000000000, -1.000000000000000000 ) ) ;
#507 = DIRECTION ( 'NONE',  ( 0.000000000000000000, 1.000000000000000000, -0.000000000000000000 ) ) ;
#508 = LINE ( 'NONE', #1129, #2356 ) ;
#509 = EDGE_CURVE ( 'NONE', #2231, #2692, #964, .T. ) ;
#510 = EDGE_CURVE ( 'NONE', #2149, #502, #1815, .T. ) ;
#511 = VERTEX_POINT ( 'NONE', #326 ) ;
#512 = DIRECTION ( 'NONE',  ( 0.000000000000000000, 0.000000000000000000, 1.000000000000000000 ) ) ;
#513 = LINE ( 'NONE', #923, #1174 ) ;
#514 = EDGE_LOOP ( 'NONE', ( #881, #1813, #2708, #1082, #2080, #1033 ) ) ;
#515 = CARTESIAN_POINT ( 'NONE',  ( -48.69710439420900627, 60.02641605283200477, -5.400000000000000355 ) ) ;
#516 = ORIENTED_EDGE ( 'NONE', *, *, #2514, .F. ) ;
#517 = LINE ( 'NONE', #1179, #389 ) ;
#518 = PLANE ( 'NONE',  #2452 ) ;
#519 = ORIENTED_EDGE ( 'NONE', *, *, #1506, .F. ) ;
#520 = PERSON ( 'æœª', 'æœª', 'æœª', ('æœª'), ('æœª'), ('æœª') ) ;
#521 = CARTESIAN_POINT ( 'NONE',  ( -62.47274574549199855, 60.02641605283200477, -6.000000000000000000 ) ) ;
#522 = CARTESIAN_POINT ( 'NONE',  ( -20.80905505583099924, 58.22641605283200761, 0.000000000000000000 ) ) ;
#523 = VERTEX_POINT ( 'NONE', #2660 ) ;
#524 = CARTESIAN_POINT ( 'NONE',  ( -64.46012192024400633, 60.02641605283200477, -1.499999999999999556 ) ) ;
#525 = EDGE_CURVE ( 'NONE', #1683, #2450, #2757, .T. ) ;
#526 = DIRECTION ( 'NONE',  ( 0.000000000000000000, 1.000000000000000000, -0.000000000000000000 ) ) ;
#527 = ORIENTED_EDGE ( 'NONE', *, *, #2634, .F. ) ;
#528 = EDGE_CURVE ( 'NONE', #836, #873, #2457, .T. ) ;
#529 = CARTESIAN_POINT ( 'NONE',  ( -18.45173990348000004, 45.02641605283200477, 6.938893903907228378E-15 ) ) ;
#530 = ORIENTED_EDGE ( 'NONE', *, *, #2147, .F. ) ;
#531 = CARTESIAN_POINT ( 'NONE',  ( -58.55864635623051129, 59.02641605283199766, 0.6000000000000005329 ) ) ;
#532 = LINE ( 'NONE', #1799, #949 ) ;
#533 = AXIS2_PLACEMENT_3D ( 'NONE', #2690, #1221, #1606 ) ;
#534 = ORIENTED_EDGE ( 'NONE', *, *, #1855, .F. ) ;
#535 = AXIS2_PLACEMENT_3D ( 'NONE', #2482, #2215, #106 ) ;
#536 = CARTESIAN_POINT ( 'NONE',  ( -17.95173990348000004, 60.02641605283200477, -6.000000000000000000 ) ) ;
#537 = LINE ( 'NONE', #2065, #130 ) ;
#538 = VECTOR ( 'NONE', #1997, 1000.000000000000000 ) ;
#539 = ORIENTED_EDGE ( 'NONE', *, *, #2194, .F. ) ;
#540 = CARTESIAN_POINT ( 'NONE',  ( -20.85173990347987782, 57.02641605283200477, 1.000000000000000000 ) ) ;
#541 = VECTOR ( 'NONE', #2495, 1000.000000000000000 ) ;
#542 = ORIENTED_EDGE ( 'NONE', *, *, #1636, .F. ) ;
#543 = VECTOR ( 'NONE', #551, 1000.000000000000114 ) ;
#544 = CARTESIAN_POINT ( 'NONE',  ( -65.08442977491444026, 57.99043336326634801, 50.78407294179726961 ) ) ;
#545 = VECTOR ( 'NONE', #2462, 1000.000000000000000 ) ;
#546 = ORIENTED_EDGE ( 'NONE', *, *, #53, .F. ) ;
#547 = EDGE_CURVE ( 'NONE', #85, #2011, #537, .T. ) ;
#548 = ADVANCED_FACE ( 'NONE', ( #1612 ), #566, .T. ) ;
#549 = PLANE ( 'NONE',  #1646 ) ;
#550 = LOCAL_TIME ( 16, 43, 48.00000000000000000, #406 ) ;
#551 = DIRECTION ( 'NONE',  ( -0.0009778215789009807833, -0.9999995219323656315, 0.000000000000000000 ) ) ;
#552 = PRODUCT ( '\X2\591658f3\X0\-CH32H417\X2\903b8f91520667904eea\X0\PCB\X2\6a21578b\X0\', '\X2\591658f3\X0\-CH32H417\X2\903b8f91520667904eea\X0\PCB\X2\6a21578b\X0\', '', ( #2297 ) ) ;
#553 = ORIENTED_EDGE ( 'NONE', *, *, #872, .T. ) ;
#554 = DIRECTION ( 'NONE',  ( 1.654584353154874569E-16, 1.000000000000000000, -0.000000000000000000 ) ) ;
#555 = DIRECTION ( 'NONE',  ( -1.000000000000000000, 0.000000000000000000, 0.000000000000000000 ) ) ;
#556 = DIRECTION ( 'NONE',  ( -1.734723475976806463E-14, 1.000000000000000000, 0.000000000000000000 ) ) ;
#557 = PERSON_AND_ORGANIZATION_ROLE ( 'creator' ) ;
#558 = ORIENTED_EDGE ( 'NONE', *, *, #2171, .T. ) ;
#559 = DIRECTION ( 'NONE',  ( -0.000000000000000000, 0.000000000000000000, -1.000000000000000000 ) ) ;
#560 = ORIENTED_EDGE ( 'NONE', *, *, #1819, .T. ) ;
#561 = LINE ( 'NONE', #531, #1114 ) ;
#562 = DIRECTION ( 'NONE',  ( 0.000000000000000000, -1.000000000000000000, -1.982717811034409492E-16 ) ) ;
#563 = ADVANCED_FACE ( 'NONE', ( #337 ), #1196, .F. ) ;
#564 = VERTEX_POINT ( 'NONE', #2650 ) ;
#565 = CARTESIAN_POINT ( 'NONE',  ( -40.10996951993899984, 27.92494030988099851, 0.000000000000000000 ) ) ;
#566 = PLANE ( 'NONE',  #1298 ) ;
#567 = DIRECTION ( 'NONE',  ( 1.000000000000000000, 0.000000000000000000, 0.000000000000000000 ) ) ;
#568 = PERSON_AND_ORGANIZATION ( #520, #2323 ) ;
#569 = VERTEX_POINT ( 'NONE', #2036 ) ;
#570 = DIRECTION ( 'NONE',  ( 1.000000000000000000, 0.000000000000000000, 0.000000000000000000 ) ) ;
#571 = ORIENTED_EDGE ( 'NONE', *, *, #1216, .F. ) ;
#572 = FACE_OUTER_BOUND ( 'NONE', #1678, .T. ) ;
#573 = LINE ( 'NONE', #1427, #1831 ) ;
#574 = ORIENTED_EDGE ( 'NONE', *, *, #69, .F. ) ;
#575 = ADVANCED_FACE ( 'NONE', ( #749 ), #128, .T. ) ;
#576 = LINE ( 'NONE', #374, #1077 ) ;
#577 = VECTOR ( 'NONE', #207, 1000.000000000000000 ) ;
#578 = DIRECTION ( 'NONE',  ( 0.000000000000000000, 2.312964634635743450E-15, 1.000000000000000000 ) ) ;
#579 = ORIENTED_EDGE ( 'NONE', *, *, #298, .T. ) ;
#580 = EDGE_CURVE ( 'NONE', #2543, #984, #364, .T. ) ;
#581 = VECTOR ( 'NONE', #2179, 1000.000000000000000 ) ;
#582 = CARTESIAN_POINT ( 'NONE',  ( -17.95173990348000004, 25.30403860807699346, -6.000000000000000000 ) ) ;
#583 = VECTOR ( 'NONE', #2130, 1000.000000000000000 ) ;
#584 = VERTEX_POINT ( 'NONE', #1039 ) ;
#585 = VECTOR ( 'NONE', #1069, 1000.000000000000000 ) ;
#586 = DIRECTION ( 'NONE',  ( 0.000000000000000000, 0.000000000000000000, -1.000000000000000000 ) ) ;
#587 = VERTEX_POINT ( 'NONE', #434 ) ;
#588 = CARTESIAN_POINT ( 'NONE',  ( -65.12642882289426893, 15.03905785648815296, 50.78407294179726961 ) ) ;
#589 = ORIENTED_EDGE ( 'NONE', *, *, #525, .F. ) ;
#590 = LOCAL_TIME ( 16, 43, 48.00000000000000000, #1269 ) ;
#591 = DIRECTION ( 'NONE',  ( -0.000000000000000000, 0.000000000000000000, -1.000000000000000000 ) ) ;
#592 = CARTESIAN_POINT ( 'NONE',  ( -20.80905505583099924, 58.22641605283200761, 0.000000000000000000 ) ) ;
#593 = VERTEX_POINT ( 'NONE', #592 ) ;
#594 = LINE ( 'NONE', #159, #266 ) ;
#595 = EDGE_CURVE ( 'NONE', #2340, #1624, #2332, .T. ) ;
#596 = CARTESIAN_POINT ( 'NONE',  ( -20.80905505583099924, 56.97641605283200761, 0.000000000000000000 ) ) ;
#597 = EDGE_CURVE ( 'NONE', #1995, #2579, #832, .T. ) ;
#598 = ORIENTED_EDGE ( 'NONE', *, *, #1056, .T. ) ;
#599 = PLANE ( 'NONE',  #1571 ) ;
#600 = ORIENTED_EDGE ( 'NONE', *, *, #2159, .F. ) ;
#601 = DIRECTION ( 'NONE',  ( 1.000000000000000000, 0.000000000000000000, 0.000000000000000000 ) ) ;
#602 = CARTESIAN_POINT ( 'NONE',  ( -21.93904495809000110, 15.03903225806500110, -6.000000000000000000 ) ) ;
#603 = ORIENTED_EDGE ( 'NONE', *, *, #1434, .T. ) ;
#604 = DIRECTION ( 'NONE',  ( 0.000000000000000000, 0.000000000000000000, 1.000000000000000000 ) ) ;
#605 = LINE ( 'NONE', #169, #899 ) ;
#606 = CARTESIAN_POINT ( 'NONE',  ( -49.79562883019551833, 60.02641605283200477, -1.499999999999999778 ) ) ;
#607 = LINE ( 'NONE', #867, #1295 ) ;
#608 = ORIENTED_EDGE ( 'NONE', *, *, #1320, .F. ) ;
#609 = EDGE_CURVE ( 'NONE', #1505, #2722, #1858, .T. ) ;
#610 = CARTESIAN_POINT ( 'NONE',  ( -42.35996951993899984, 27.92494030988099851, 0.000000000000000000 ) ) ;
#611 = ORIENTED_EDGE ( 'NONE', *, *, #335, .F. ) ;
#612 = EDGE_CURVE ( 'NONE', #1304, #2231, #1294, .T. ) ;
#613 = DIRECTION ( 'NONE',  ( -0.7071067811865500152, 4.016860478760063903E-09, -0.7071067811865451302 ) ) ;
#614 = CARTESIAN_POINT ( 'NONE',  ( -63.36159748425748717, 58.22641605283200050, 50.78407294179726961 ) ) ;
#615 = VERTEX_POINT ( 'NONE', #2509 ) ;
#616 = CARTESIAN_POINT ( 'NONE',  ( -18.95173990348000004, 60.02641605283200477, -5.400000000000000355 ) ) ;
#617 = APPROVAL_DATE_TIME ( #1411, #315 ) ;
#618 = CARTESIAN_POINT ( 'NONE',  ( -43.15996951993900410, 27.92494030988099851, 0.000000000000000000 ) ) ;
#619 = ORIENTED_EDGE ( 'NONE', *, *, #699, .F. ) ;
#620 = VECTOR ( 'NONE', #656, 1000.000000000000000 ) ;
#621 = LINE ( 'NONE', #606, #2088 ) ;
#622 = DIRECTION ( 'NONE',  ( 0.000000000000000000, 0.000000000000000000, -1.000000000000000000 ) ) ;
#623 = AXIS2_PLACEMENT_3D ( 'NONE', #2163, #506, #2173 ) ;
#624 = ORIENTED_EDGE ( 'NONE', *, *, #2123, .T. ) ;
#625 = VECTOR ( 'NONE', #2268, 1000.000000000000000 ) ;
#626 = CARTESIAN_POINT ( 'NONE',  ( -21.93904495809000110, 13.85172720345430264, 1.000000000000000000 ) ) ;
#627 = ORIENTED_EDGE ( 'NONE', *, *, #1245, .F. ) ;
#628 = CIRCLE ( 'NONE', #946, 3.987305054610250199 ) ;
#629 = CARTESIAN_POINT ( 'NONE',  ( -18.95173990347987569, 15.03903225806512545, -6.000000000000000000 ) ) ;
#630 = CARTESIAN_POINT ( 'NONE',  ( -65.12642880488174058, 15.03903225806500110, -5.400000000000000355 ) ) ;
#631 = CARTESIAN_POINT ( 'NONE',  ( -20.80905505583099924, 56.97641605283200761, 0.000000000000000000 ) ) ;
#632 = VECTOR ( 'NONE', #1728, 1000.000000000000000 ) ;
#633 = EDGE_CURVE ( 'NONE', #2098, #1525, #2136, .T. ) ;
#634 = EDGE_CURVE ( 'NONE', #2236, #1022, #1388, .T. ) ;
#635 = VERTEX_POINT ( 'NONE', #1871 ) ;
#636 = AXIS2_PLACEMENT_3D ( 'NONE', #94, #1145, #1763 ) ;
#637 = CARTESIAN_POINT ( 'NONE',  ( -66.92642860098787594, 15.03967447905946031, -6.000000000000000000 ) ) ;
#638 = CALENDAR_DATE ( 2026, 15, 8 ) ;
#639 = DIRECTION ( 'NONE',  ( 0.000000000000000000, 0.000000000000000000, -1.000000000000000000 ) ) ;
#640 = VERTEX_POINT ( 'NONE', #1025 ) ;
#641 = LINE ( 'NONE', #1043, #1345 ) ;
#642 = DIRECTION ( 'NONE',  ( -0.000000000000000000, -0.000000000000000000, 1.000000000000000000 ) ) ;
#643 = DIRECTION ( 'NONE',  ( 0.000000000000000000, 1.000000000000000000, -0.000000000000000000 ) ) ;
#644 = ORIENTED_EDGE ( 'NONE', *, *, #1181, .T. ) ;
#645 = CARTESIAN_POINT ( 'NONE',  ( -18.45173990348000004, 37.52641605283200477, 6.938893903907227589E-15 ) ) ;
#646 = CARTESIAN_POINT ( 'NONE',  ( -64.12642901655891592, 15.03856309166686600, 0.000000000000000000 ) ) ;
#647 = CC_DESIGN_PERSON_AND_ORGANIZATION_ASSIGNMENT ( #783, #1459, ( #911 ) ) ;
#648 = ORIENTED_EDGE ( 'NONE', *, *, #717, .F. ) ;
#649 = EDGE_CURVE ( 'NONE', #1645, #2450, #1475, .T. ) ;
#650 = ADVANCED_FACE ( 'NONE', ( #2316 ), #1694, .F. ) ;
#651 = DIRECTION ( 'NONE',  ( 0.000000000000000000, 0.000000000000000000, 1.000000000000000000 ) ) ;
#652 = CARTESIAN_POINT ( 'NONE',  ( -35.43908432816851928, 13.05172720345433390, -6.000000000000000000 ) ) ;
#653 = DIRECTION ( 'NONE',  ( 1.000000000000000000, 2.839452576972512724E-15, -0.000000000000000000 ) ) ;
#654 = EDGE_CURVE ( 'NONE', #1951, #1667, #1680, .T. ) ;
#655 = CARTESIAN_POINT ( 'NONE',  ( -64.46012192024400633, 60.02641605283200477, -1.499999999999999334 ) ) ;
#656 = DIRECTION ( 'NONE',  ( -0.000000000000000000, -0.000000000000000000, -1.000000000000000000 ) ) ;
#657 = ORIENTED_EDGE ( 'NONE', *, *, #716, .F. ) ;
#658 = DIRECTION ( 'NONE',  ( -1.000000000000000000, 0.000000000000000000, -0.000000000000000000 ) ) ;
#659 = ORIENTED_EDGE ( 'NONE', *, *, #287, .T. ) ;
#660 = CARTESIAN_POINT ( 'NONE',  ( -47.00908045588099782, 52.02641605283201187, 1.250000000000003331 ) ) ;
#661 = CYLINDRICAL_SURFACE ( 'NONE', #1396, 2.187305054610594546 ) ;
#662 = ORIENTED_EDGE ( 'NONE', *, *, #1246, .F. ) ;
#663 = DIRECTION ( 'NONE',  ( -2.054095295921832234E-16, 0.000000000000000000, -1.000000000000000000 ) ) ;
#664 = CARTESIAN_POINT ( 'NONE',  ( -42.35996951993899984, 27.92494030988099851, 1.500000000000000000 ) ) ;
#665 = EDGE_CURVE ( 'NONE', #85, #11, #1776, .T. ) ;
#666 = VERTEX_POINT ( 'NONE', #1270 ) ;
#667 = LINE ( 'NONE', #1314, #1610 ) ;
#668 = DIRECTION ( 'NONE',  ( -0.000000000000000000, 0.000000000000000000, -1.000000000000000000 ) ) ;
#669 = ADVANCED_FACE ( 'NONE', ( #2734 ), #1053, .F. ) ;
#670 = ADVANCED_FACE ( 'NONE', ( #1066 ), #2748, .F. ) ;
#671 = ORIENTED_EDGE ( 'NONE', *, *, #1801, .F. ) ;
#672 = DIRECTION ( 'NONE',  ( -1.000000000000000000, -1.598126122092735831E-14, 0.000000000000000000 ) ) ;
#673 = ORIENTED_EDGE ( 'NONE', *, *, #1551, .F. ) ;
#674 = VECTOR ( 'NONE', #1494, 1000.000000000000000 ) ;
#675 = FACE_OUTER_BOUND ( 'NONE', #2251, .T. ) ;
#676 = AXIS2_PLACEMENT_3D ( 'NONE', #2384, #1721, #1971 ) ;
#677 = ORIENTED_EDGE ( 'NONE', *, *, #2379, .T. ) ;
#678 = AXIS2_PLACEMENT_3D ( 'NONE', #168, #1431, #604 ) ;
#679 = LINE ( 'NONE', #2563, #857 ) ;
#680 = PLANE ( 'NONE',  #676 ) ;
#681 = ORIENTED_EDGE ( 'NONE', *, *, #891, .F. ) ;
#682 = DIRECTION ( 'NONE',  ( -1.000000000000000000, 0.000000000000000000, -0.000000000000000000 ) ) ;
#683 = VECTOR ( 'NONE', #1661, 1000.000000000000000 ) ;
#684 = CARTESIAN_POINT ( 'NONE',  ( -54.70972821945600373, 60.02641605283200477, -1.500000000000000000 ) ) ;
#685 = ADVANCED_FACE ( 'NONE', ( #2552 ), #188, .F. ) ;
#686 =( LENGTH_UNIT ( ) NAMED_UNIT ( * ) SI_UNIT ( .MILLI., .METRE. ) );
#687 = ORIENTED_EDGE ( 'NONE', *, *, #716, .T. ) ;
#688 = FACE_OUTER_BOUND ( 'NONE', #1273, .T. ) ;
#689 = ORIENTED_EDGE ( 'NONE', *, *, #1723, .T. ) ;
#690 = DIRECTION ( 'NONE',  ( 0.000000000000000000, 0.000000000000000000, 1.000000000000000000 ) ) ;
#691 = DIRECTION ( 'NONE',  ( 0.000000000000000000, 1.000000000000000000, 0.000000000000000000 ) ) ;
#692 = ORIENTED_EDGE ( 'NONE', *, *, #2379, .F. ) ;
#693 = DIRECTION ( 'NONE',  ( -0.000000000000000000, -0.000000000000000000, 1.000000000000000000 ) ) ;
#694 = CARTESIAN_POINT ( 'NONE',  ( -20.85173990347987782, 52.02641605283201187, 1.000000000000000000 ) ) ;
#695 = ORIENTED_EDGE ( 'NONE', *, *, #2737, .F. ) ;
#696 = DIRECTION ( 'NONE',  ( -1.000000000000000000, 0.000000000000000000, 0.000000000000000000 ) ) ;
#697 = FACE_OUTER_BOUND ( 'NONE', #702, .T. ) ;
#698 = VERTEX_POINT ( 'NONE', #2286 ) ;
#699 = EDGE_CURVE ( 'NONE', #2722, #1517, #1738, .T. ) ;
#700 = CARTESIAN_POINT ( 'NONE',  ( -58.55864635623051129, 60.02641605283200477, -1.499999999999999778 ) ) ;
#701 = DIRECTION ( 'NONE',  ( 1.654584353154874569E-16, 1.000000000000000000, 0.000000000000000000 ) ) ;
#702 = EDGE_LOOP ( 'NONE', ( #1178, #2699, #2571, #681 ) ) ;
#703 = CC_DESIGN_PERSON_AND_ORGANIZATION_ASSIGNMENT ( #568, #2747, ( #552 ) ) ;
#704 = CARTESIAN_POINT ( 'NONE',  ( -18.95173990347990411, 45.02641605283200477, -5.400000000000000355 ) ) ;
#705 = DIRECTION ( 'NONE',  ( 0.000000000000000000, 1.000000000000000000, 0.000000000000000000 ) ) ;
#706 = ORIENTED_EDGE ( 'NONE', *, *, #1337, .F. ) ;
#707 = CARTESIAN_POINT ( 'NONE',  ( -55.69710439420899917, 60.02641605283200477, -2.046156930640000038 ) ) ;
#708 = CARTESIAN_POINT ( 'NONE',  ( -42.35996951993899984, 27.92494030988099851, 0.000000000000000000 ) ) ;
#709 = CARTESIAN_POINT ( 'NONE',  ( -57.50299701548370024, 60.02641605283200477, -1.500000000000000222 ) ) ;
#710 = VERTEX_POINT ( 'NONE', #2075 ) ;
#711 = VECTOR ( 'NONE', #422, 1000.000000000000000 ) ;
#712 = CARTESIAN_POINT ( 'NONE',  ( -57.46012192024399212, 60.02641605283200477, -5.400000000000000355 ) ) ;
#713 = ORIENTED_EDGE ( 'NONE', *, *, #1765, .F. ) ;
#714 = VECTOR ( 'NONE', #1395, 1000.000000000000000 ) ;
#715 = FACE_OUTER_BOUND ( 'NONE', #2485, .T. ) ;
#716 = EDGE_CURVE ( 'NONE', #1525, #936, #605, .T. ) ;
#717 = EDGE_CURVE ( 'NONE', #1517, #2722, #2444, .T. ) ;
#718 = FACE_OUTER_BOUND ( 'NONE', #1197, .T. ) ;
#719 = ORIENTED_EDGE ( 'NONE', *, *, #1246, .T. ) ;
#720 = VECTOR ( 'NONE', #1268, 1000.000000000000000 ) ;
#721 = CARTESIAN_POINT ( 'NONE',  ( -66.88442943233452809, 60.02641605283200477, 2.000000000000000000 ) ) ;
#722 = FACE_OUTER_BOUND ( 'NONE', #1805, .T. ) ;
#723 = VECTOR ( 'NONE', #1564, 1000.000000000000000 ) ;
#724 = ORIENTED_EDGE ( 'NONE', *, *, #219, .F. ) ;
#725 = AXIS2_PLACEMENT_3D ( 'NONE', #2516, #1202, #559 ) ;
#726 = LINE ( 'NONE', #524, #178 ) ;
#727 = LINE ( 'NONE', #1577, #2367 ) ;
#728 = APPROVAL_PERSON_ORGANIZATION ( #1052, #315, #1807 ) ;
#729 = VERTEX_POINT ( 'NONE', #449 ) ;
#730 = DIRECTION ( 'NONE',  ( 0.000000000000000000, 0.000000000000000000, 1.000000000000000000 ) ) ;
#731 = ORIENTED_EDGE ( 'NONE', *, *, #2463, .T. ) ;
#732 = PLANE ( 'NONE',  #2303 ) ;
#733 = CARTESIAN_POINT ( 'NONE',  ( -18.45173990348000004, 37.52641605283200477, -6.000000000000000000 ) ) ;
#734 = VERTEX_POINT ( 'NONE', #877 ) ;
#735 = EDGE_CURVE ( 'NONE', #1901, #104, #62, .T. ) ;
#736 = FACE_OUTER_BOUND ( 'NONE', #217, .T. ) ;
#737 = DIRECTION ( 'NONE',  ( -0.000000000000000000, -0.000000000000000000, -1.000000000000000000 ) ) ;
#738 = EDGE_LOOP ( 'NONE', ( #910, #2214, #830, #1106 ) ) ;
#739 = ADVANCED_FACE ( 'NONE', ( #1944 ), #466, .F. ) ;
#740 = DIRECTION ( 'NONE',  ( -0.000000000000000000, 1.000000000000000000, -0.000000000000000000 ) ) ;
#741 = CARTESIAN_POINT ( 'NONE',  ( -17.95173990348000004, 25.30403860807700056, -1.550000000000000933 ) ) ;
#742 = ORIENTED_EDGE ( 'NONE', *, *, #945, .T. ) ;
#743 = LINE ( 'NONE', #1590, #1747 ) ;
#744 = EDGE_LOOP ( 'NONE', ( #1938, #2609, #1499, #365, #754, #329 ) ) ;
#745 = LINE ( 'NONE', #2476, #1159 ) ;
#746 = CARTESIAN_POINT ( 'NONE',  ( -17.95173990348000004, 15.03903225806500110, -6.000000000000000000 ) ) ;
#747 = EDGE_LOOP ( 'NONE', ( #2225, #1344, #2624, #724 ) ) ;
#748 = CARTESIAN_POINT ( 'NONE',  ( -57.46012192024399212, 60.02641605283200477, -5.400000000000000355 ) ) ;
#749 = FACE_OUTER_BOUND ( 'NONE', #894, .T. ) ;
#750 = CARTESIAN_POINT ( 'NONE',  ( -62.93912369824697350, 11.05172720345399817, -6.000000000000000000 ) ) ;
#751 = APPROVAL_ROLE ( '' ) ;
#752 = ADVANCED_FACE ( 'NONE', ( #1955 ), #1759, .F. ) ;
#753 = EDGE_CURVE ( 'NONE', #1583, #413, #1109, .T. ) ;
#754 = ORIENTED_EDGE ( 'NONE', *, *, #773, .T. ) ;
#755 = DIRECTION ( 'NONE',  ( -0.000000000000000000, -0.000000000000000000, -1.000000000000000000 ) ) ;
#756 = ORIENTED_EDGE ( 'NONE', *, *, #786, .T. ) ;
#757 = DIRECTION ( 'NONE',  ( -0.000000000000000000, -0.000000000000000000, 1.000000000000000000 ) ) ;
#758 = CLOSED_SHELL ( 'NONE', ( #650, #238, #2637, #34, #670, #2706, #2664, #1786, #1737, #115, #423, #1073, #81, #133, #1925, #2479, #1586, #1656, #1042, #318, #368, #2037, #2614, #575, #2498, #1940, #1438, #856, #1538, #855, #52, #1229, #752, #2160, #1974, #1854, #458, #1453, #1621, #2583, #1820, #2446, #2206, #2125, #685, #1007, #2128, #2425, #2146, #336, #2756, #440, #1684, #1383, #2413, #1365, #548, #1958, #2548, #118, #803, #669, #2310, #323, #369, #1620, #1353, #494, #16, #2143, #838, #2193, #1567, #349, #563, #739, #2412, #1452, #165, #2567, #2718, #876, #102 ) ) ;
#759 = CARTESIAN_POINT ( 'NONE',  ( -20.80905505583099924, 60.02641605283200477, -6.009999999999999787 ) ) ;
#760 = AXIS2_PLACEMENT_3D ( 'NONE', #2151, #2564, #1516 ) ;
#761 = EDGE_LOOP ( 'NONE', ( #1535, #1407, #2710, #1703 ) ) ;
#762 = VECTOR ( 'NONE', #1062, 1000.000000000000000 ) ;
#763 = DIRECTION ( 'NONE',  ( 1.000000000000000000, 0.000000000000000000, 0.000000000000000000 ) ) ;
#764 = DIRECTION ( 'NONE',  ( 1.000000000000000000, 0.000000000000000000, 0.000000000000000000 ) ) ;
#765 = AXIS2_PLACEMENT_3D ( 'NONE', #1296, #2139, #682 ) ;
#766 = ORIENTED_EDGE ( 'NONE', *, *, #1320, .T. ) ;
#767 = CARTESIAN_POINT ( 'NONE',  ( -35.43908432816850507, 12.05172720345399817, 0.000000000000000000 ) ) ;
#768 = AXIS2_PLACEMENT_3D ( 'NONE', #1573, #963, #1611 ) ;
#769 = APPROVAL_STATUS ( 'not_yet_approved' ) ;
#770 = EDGE_LOOP ( 'NONE', ( #1289, #657, #1067, #1566 ) ) ;
#771 = AXIS2_PLACEMENT_3D ( 'NONE', #2116, #1306, #1091 ) ;
#772 = EDGE_CURVE ( 'NONE', #95, #1283, #244, .T. ) ;
#773 = EDGE_CURVE ( 'NONE', #1283, #2543, #255, .T. ) ;
#774 = LINE ( 'NONE', #356, #1218 ) ;
#775 = VERTEX_POINT ( 'NONE', #1326 ) ;
#776 = PLANE ( 'NONE',  #1773 ) ;
#777 = LOCAL_TIME ( 16, 43, 48.00000000000000000, #2238 ) ;
#778 = DIRECTION ( 'NONE',  ( -0.000000000000000000, 1.000000000000000000, -0.000000000000000000 ) ) ;
#779 = ORIENTED_EDGE ( 'NONE', *, *, #1301, .F. ) ;
#780 = CARTESIAN_POINT ( 'NONE',  ( 0.000000000000000000, 0.000000000000000000, -5.400000000000000355 ) ) ;
#781 = CARTESIAN_POINT ( 'NONE',  ( -63.36159748425748717, 60.02641605283200477, -1.499999999999999112 ) ) ;
#782 = LINE ( 'NONE', #338, #1302 ) ;
#783 = PERSON_AND_ORGANIZATION ( #520, #2323 ) ;
#784 = ORIENTED_EDGE ( 'NONE', *, *, #2004, .T. ) ;
#785 = DIRECTION ( 'NONE',  ( -1.000000000000000000, 0.000000000000000000, 0.000000000000000000 ) ) ;
#786 = EDGE_CURVE ( 'NONE', #1359, #1746, #1095, .T. ) ;
#787 = ORIENTED_EDGE ( 'NONE', *, *, #2394, .F. ) ;
#788 = CARTESIAN_POINT ( 'NONE',  ( 0.000000000000000000, 0.000000000000000000, -5.400000000000000355 ) ) ;
#789 = DIRECTION ( 'NONE',  ( -0.000000000000000000, -0.000000000000000000, -1.000000000000000000 ) ) ;
#790 = ORIENTED_EDGE ( 'NONE', *, *, #2278, .F. ) ;
#791 = LINE ( 'NONE', #1652, #720 ) ;
#792 = LINE ( 'NONE', #2053, #2135 ) ;
#793 = VERTEX_POINT ( 'NONE', #46 ) ;
#794 = CARTESIAN_POINT ( 'NONE',  ( -18.95173990348000004, 60.02641605283200477, -6.000000000000000000 ) ) ;
#795 = EDGE_LOOP ( 'NONE', ( #2069, #1510, #766, #114 ) ) ;
#796 = CARTESIAN_POINT ( 'NONE',  ( -48.69710439420900627, 59.02641605283199766, -1.499999999999999556 ) ) ;
#797 = ORIENTED_EDGE ( 'NONE', *, *, #335, .T. ) ;
#798 = DIRECTION ( 'NONE',  ( 1.000000000000000000, 0.000000000000000000, 0.000000000000000000 ) ) ;
#799 = CARTESIAN_POINT ( 'NONE',  ( -47.00908045588099782, 60.02641605283200477, -5.400000000000000355 ) ) ;
#800 = LINE ( 'NONE', #614, #1349 ) ;
#801 = ORIENTED_EDGE ( 'NONE', *, *, #1723, .F. ) ;
#802 = EDGE_CURVE ( 'NONE', #1877, #1949, #492, .T. ) ;
#803 = ADVANCED_FACE ( 'NONE', ( #718 ), #1339, .T. ) ;
#804 = CARTESIAN_POINT ( 'NONE',  ( -64.46012192024400633, 58.22641605283200050, -5.400000000000000355 ) ) ;
#805 = VECTOR ( 'NONE', #757, 1000.000000000000000 ) ;
#806 = CARTESIAN_POINT ( 'NONE',  ( -62.93912369824698771, 15.03903225806500110, 50.78407294179726961 ) ) ;
#807 = AXIS2_PLACEMENT_3D ( 'NONE', #375, #1237, #1666 ) ;
#808 = FACE_OUTER_BOUND ( 'NONE', #140, .T. ) ;
#809 = VECTOR ( 'NONE', #1559, 1000.000000000000000 ) ;
#810 = VERTEX_POINT ( 'NONE', #1749 ) ;
#811 = VECTOR ( 'NONE', #2341, 1000.000000000000000 ) ;
#812 = CARTESIAN_POINT ( 'NONE',  ( -42.35996951993899984, 27.92494030988099851, 0.000000000000000000 ) ) ;
#813 = VECTOR ( 'NONE', #1390, 1000.000000000000000 ) ;
#814 = ORIENTED_EDGE ( 'NONE', *, *, #2724, .T. ) ;
#815 = VECTOR ( 'NONE', #70, 1000.000000000000000 ) ;
#816 = LINE ( 'NONE', #1705, #632 ) ;
#817 = ORIENTED_EDGE ( 'NONE', *, *, #975, .T. ) ;
#818 = CC_DESIGN_APPROVAL ( #315, ( #2276 ) ) ;
#819 = CC_DESIGN_PERSON_AND_ORGANIZATION_ASSIGNMENT ( #1616, #2250, ( #2276 ) ) ;
#820 = DIRECTION ( 'NONE',  ( 0.000000000000000000, 0.000000000000000000, 1.000000000000000000 ) ) ;
#821 = DIRECTION ( 'NONE',  ( -0.9999995219267632240, 0.0009778273083380210375, 0.000000000000000000 ) ) ;
#822 = EDGE_CURVE ( 'NONE', #413, #1154, #905, .T. ) ;
#823 = ORIENTED_EDGE ( 'NONE', *, *, #1736, .T. ) ;
#824 = DIRECTION ( 'NONE',  ( 1.000000000000000000, 1.226997175350663321E-14, -0.000000000000000000 ) ) ;
#825 = DIRECTION ( 'NONE',  ( 0.000000000000000000, -0.000000000000000000, 1.000000000000000000 ) ) ;
#826 = EDGE_LOOP ( 'NONE', ( #251, #924, #918, #787, #476, #1429 ) ) ;
#827 = DIRECTION ( 'NONE',  ( 1.000000000000000000, 0.000000000000000000, 0.000000000000000000 ) ) ;
#828 = ORIENTED_EDGE ( 'NONE', *, *, #958, .F. ) ;
#829 = DIRECTION ( 'NONE',  ( 1.000000000000000000, 0.000000000000000000, 0.000000000000000000 ) ) ;
#830 = ORIENTED_EDGE ( 'NONE', *, *, #2290, .T. ) ;
#831 = CARTESIAN_POINT ( 'NONE',  ( -58.55864635623051129, 58.22641605283200050, 0.6000000000000003109 ) ) ;
#832 = LINE ( 'NONE', #5, #88 ) ;
#833 = ORIENTED_EDGE ( 'NONE', *, *, #1078, .T. ) ;
#834 = DIRECTION ( 'NONE',  ( 0.000000000000000000, 0.000000000000000000, -1.000000000000000000 ) ) ;
#835 = CYLINDRICAL_SURFACE ( 'NONE', #1518, 2.250000000000001776 ) ;
#836 = VERTEX_POINT ( 'NONE', #2190 ) ;
#837 = EDGE_CURVE ( 'NONE', #2640, #936, #281, .T. ) ;
#838 = ADVANCED_FACE ( 'NONE', ( #1570 ), #267, .F. ) ;
#839 = LINE ( 'NONE', #2527, #98 ) ;
#840 = EDGE_LOOP ( 'NONE', ( #1630, #1047, #1982, #2645 ) ) ;
#841 = CARTESIAN_POINT ( 'NONE',  ( -65.92642862647782920, 15.03951341262642671, -5.400000000000000355 ) ) ;
#842 = DIRECTION ( 'NONE',  ( -0.7071067811865439090, -0.000000000000000000, 0.7071067811865512365 ) ) ;
#843 = VERTEX_POINT ( 'NONE', #75 ) ;
#844 = LINE ( 'NONE', #1012, #1743 ) ;
#845 = APPLICATION_PROTOCOL_DEFINITION ( 'international standard', 'config_control_design', 1994, #1105 ) ;
#846 = CARTESIAN_POINT ( 'NONE',  ( -18.95173990348000004, 60.02641605283200477, 2.000000000000000000 ) ) ;
#847 = CARTESIAN_POINT ( 'NONE',  ( -48.69710439420900627, 58.22641605283200050, 50.78407294179726961 ) ) ;
#848 = CIRCLE ( 'NONE', #2439, 2.987304973239138128 ) ;
#849 = CARTESIAN_POINT ( 'NONE',  ( -57.46012192024399212, 60.02641605283200477, -6.009999999999999787 ) ) ;
#850 = LINE ( 'NONE', #1682, #1864 ) ;
#851 = VECTOR ( 'NONE', #421, 1000.000000000000000 ) ;
#852 = VECTOR ( 'NONE', #425, 1000.000000000000000 ) ;
#853 = DIRECTION ( 'NONE',  ( 0.000000000000000000, 0.000000000000000000, -1.000000000000000000 ) ) ;
#854 = ORIENTED_EDGE ( 'NONE', *, *, #1449, .F. ) ;
#855 = ADVANCED_FACE ( 'NONE', ( #230 ), #1085, .T. ) ;
#856 = ADVANCED_FACE ( 'NONE', ( #2578 ), #680, .T. ) ;
#857 = VECTOR ( 'NONE', #265, 1000.000000000000000 ) ;
#858 = CARTESIAN_POINT ( 'NONE',  ( -20.75173990347987996, 15.03903225806500110, 0.000000000000000000 ) ) ;
#859 = CARTESIAN_POINT ( 'NONE',  ( -19.75173990347985509, 45.02641605283200477, 50.78407294179726961 ) ) ;
#860 = VECTOR ( 'NONE', #2072, 1000.000000000000000 ) ;
#861 = ORIENTED_EDGE ( 'NONE', *, *, #2601, .F. ) ;
#862 = AXIS2_PLACEMENT_3D ( 'NONE', #1766, #2198, #701 ) ;
#863 = DIRECTION ( 'NONE',  ( -1.000000000000000000, 0.000000000000000000, 2.054095295921832234E-16 ) ) ;
#864 = DIRECTION ( 'NONE',  ( 1.000000000000000000, 0.000000000000000000, 0.000000000000000000 ) ) ;
#865 = PLANE ( 'NONE',  #2484 ) ;
#866 = LINE ( 'NONE', #1734, #1393 ) ;
#867 = CARTESIAN_POINT ( 'NONE',  ( -64.08542083027552394, 60.09431160335347499, 1.000000000000000000 ) ) ;
#868 = CARTESIAN_POINT ( 'NONE',  ( -20.85173990347987782, 52.02641605283201187, 1.250000000000000222 ) ) ;
#869 = ORIENTED_EDGE ( 'NONE', *, *, #1384, .T. ) ;
#870 = DIRECTION ( 'NONE',  ( -0.9999999999999859002, 1.682627014525497488E-07, 0.000000000000000000 ) ) ;
#871 = CARTESIAN_POINT ( 'NONE',  ( -47.43908432816850507, 13.05172720345418647, 4.956352788505145518E-16 ) ) ;
#872 = EDGE_CURVE ( 'NONE', #2104, #2655, #2087, .T. ) ;
#873 = VERTEX_POINT ( 'NONE', #1426 ) ;
#874 = DIRECTION ( 'NONE',  ( 1.000000000000000000, 0.000000000000000000, 0.000000000000000000 ) ) ;
#875 = EDGE_CURVE ( 'NONE', #1672, #1379, #360, .T. ) ;
#876 = ADVANCED_FACE ( 'NONE', ( #2505 ), #154, .T. ) ;
#877 = CARTESIAN_POINT ( 'NONE',  ( -65.88442977484862695, 57.99082456022092913, -5.400000000000000355 ) ) ;
#878 = ORIENTED_EDGE ( 'NONE', *, *, #1215, .T. ) ;
#879 = CARTESIAN_POINT ( 'NONE',  ( -18.45173990347999649, 37.52641605283200477, 6.938893903907228378E-15 ) ) ;
#880 = PLANE ( 'NONE',  #1910 ) ;
#881 = ORIENTED_EDGE ( 'NONE', *, *, #1110, .F. ) ;
#882 = DIRECTION ( 'NONE',  ( -0.000000000000000000, -0.000000000000000000, 1.000000000000000000 ) ) ;
#883 = ORIENTED_EDGE ( 'NONE', *, *, #1282, .T. ) ;
#884 = DIRECTION ( 'NONE',  ( 0.000000000000000000, 0.000000000000000000, 1.000000000000000000 ) ) ;
#885 = ORIENTED_EDGE ( 'NONE', *, *, #1230, .F. ) ;
#886 = CARTESIAN_POINT ( 'NONE',  ( -66.92642860098787594, 15.03967447905946031, -6.000000000000000000 ) ) ;
#887 = CARTESIAN_POINT ( 'NONE',  ( -28.95173990348000004, 13.30403860807700056, -1.550000000000003153 ) ) ;
#888 = ORIENTED_EDGE ( 'NONE', *, *, #1233, .T. ) ;
#889 = ORIENTED_EDGE ( 'NONE', *, *, #1598, .F. ) ;
#890 = EDGE_CURVE ( 'NONE', #160, #429, #2701, .T. ) ;
#891 = EDGE_CURVE ( 'NONE', #1379, #1777, #981, .T. ) ;
#892 = LINE ( 'NONE', #2122, #1209 ) ;
#893 = DIRECTION ( 'NONE',  ( 0.7071067811865500152, 8.676180231871964229E-15, 0.7071067811865451302 ) ) ;
#894 = EDGE_LOOP ( 'NONE', ( #279, #687, #1265, #644, #719, #1718, #814, #2020, #1609, #1708, #2157 ) ) ;
#895 = DIRECTION ( 'NONE',  ( 1.000000000000000000, 7.922334622340056724E-15, -0.000000000000000000 ) ) ;
#896 = VECTOR ( 'NONE', #1798, 1000.000000000000227 ) ;
#897 = ORIENTED_EDGE ( 'NONE', *, *, #400, .T. ) ;
#898 = LINE ( 'NONE', #700, #2041 ) ;
#899 = VECTOR ( 'NONE', #2298, 1000.000000000000114 ) ;
#900 = LINE ( 'NONE', #2759, #2185 ) ;
#901 = VECTOR ( 'NONE', #2095, 1000.000000000000000 ) ;
#902 = ORIENTED_EDGE ( 'NONE', *, *, #1338, .T. ) ;
#903 = VECTOR ( 'NONE', #1954, 1000.000000000000000 ) ;
#904 = CARTESIAN_POINT ( 'NONE',  ( -19.75173990347987285, 58.22641605283200761, 0.000000000000000000 ) ) ;
#905 = LINE ( 'NONE', #478, #1999 ) ;
#906 = CARTESIAN_POINT ( 'NONE',  ( -18.45173990348000004, 45.02641605283200477, 8.500000000000005329 ) ) ;
#907 = VECTOR ( 'NONE', #1258, 1000.000000000000000 ) ;
#908 = EDGE_CURVE ( 'NONE', #1667, #2507, #1341, .T. ) ;
#909 = PLANE ( 'NONE',  #1693 ) ;
#910 = ORIENTED_EDGE ( 'NONE', *, *, #2221, .T. ) ;
#911 = SECURITY_CLASSIFICATION ( '', '', #2040 ) ;
#912 = EDGE_CURVE ( 'NONE', #1444, #1683, #1907, .T. ) ;
#913 = ORIENTED_EDGE ( 'NONE', *, *, #1802, .F. ) ;
#914 = CARTESIAN_POINT ( 'NONE',  ( -24.43908432816851573, 9.194719454239265285E-16, -1.550000000000005373 ) ) ;
#915 = ORIENTED_EDGE ( 'NONE', *, *, #595, .F. ) ;
#916 = DIRECTION ( 'NONE',  ( 0.000000000000000000, -1.000000000000000000, 0.000000000000000000 ) ) ;
#917 = CARTESIAN_POINT ( 'NONE',  ( -54.70972821945600373, 59.02641605283199766, -1.500000000000000000 ) ) ;
#918 = ORIENTED_EDGE ( 'NONE', *, *, #2703, .F. ) ;
#919 = LINE ( 'NONE', #2166, #585 ) ;
#920 = LINE ( 'NONE', #2386, #1428 ) ;
#921 = ORIENTED_EDGE ( 'NONE', *, *, #1369, .F. ) ;
#922 = LINE ( 'NONE', #1357, #2714 ) ;
#923 = CARTESIAN_POINT ( 'NONE',  ( -49.43908432816851217, 13.05172720345416160, -6.000000000000000000 ) ) ;
#924 = ORIENTED_EDGE ( 'NONE', *, *, #2602, .F. ) ;
#925 = EDGE_CURVE ( 'NONE', #2640, #1729, #2182, .T. ) ;
#926 = EDGE_CURVE ( 'NONE', #1645, #1444, #1430, .T. ) ;
#927 = LINE ( 'NONE', #529, #454 ) ;
#928 = VERTEX_POINT ( 'NONE', #398 ) ;
#929 = LINE ( 'NONE', #1553, #2629 ) ;
#930 = DIRECTION ( 'NONE',  ( 0.000000000000000000, -1.000000000000000000, -1.734723475976807883E-15 ) ) ;
#931 = DIRECTION ( 'NONE',  ( 0.000000000000000000, 0.000000000000000000, 1.000000000000000000 ) ) ;
#932 = CARTESIAN_POINT ( 'NONE',  ( -64.12642901655891592, 15.03856309166686600, 0.000000000000000000 ) ) ;
#933 = ORIENTED_EDGE ( 'NONE', *, *, #218, .T. ) ;
#934 = CARTESIAN_POINT ( 'NONE',  ( -55.69710439420899917, 60.02641605283200477, -1.500000000000000000 ) ) ;
#935 = PLANE ( 'NONE',  #2012 ) ;
#936 = VERTEX_POINT ( 'NONE', #2532 ) ;
#937 = AXIS2_PLACEMENT_3D ( 'NONE', #2572, #1103, #202 ) ;
#938 = DIRECTION ( 'NONE',  ( 1.000000000000000000, 0.000000000000000000, 0.000000000000000000 ) ) ;
#939 = EDGE_CURVE ( 'NONE', #511, #1505, #2581, .T. ) ;
#940 = ORIENTED_EDGE ( 'NONE', *, *, #400, .F. ) ;
#941 = VECTOR ( 'NONE', #117, 1000.000000000000000 ) ;
#942 = CARTESIAN_POINT ( 'NONE',  ( -18.34900336598806447, 13.30403860807700944, -1.550000000000002709 ) ) ;
#943 = FACE_OUTER_BOUND ( 'NONE', #367, .T. ) ;
#944 = AXIS2_PLACEMENT_3D ( 'NONE', #965, #2217, #2039 ) ;
#945 = EDGE_CURVE ( 'NONE', #460, #1304, #1986, .T. ) ;
#946 = AXIS2_PLACEMENT_3D ( 'NONE', #1195, #127, #1625 ) ;
#947 = DIRECTION ( 'NONE',  ( -0.000000000000000000, 1.000000000000000000, -0.000000000000000000 ) ) ;
#948 = CARTESIAN_POINT ( 'NONE',  ( -62.93912369824697350, 11.05172720345399817, -6.000000000000000000 ) ) ;
#949 = VECTOR ( 'NONE', #490, 1000.000000000000000 ) ;
#950 = ORIENTED_EDGE ( 'NONE', *, *, #612, .F. ) ;
#951 = VECTOR ( 'NONE', #439, 1000.000000000000000 ) ;
#952 = CARTESIAN_POINT ( 'NONE',  ( -24.43908432816851573, 12.05172720345461101, 3.538379098057295113 ) ) ;
#953 = FACE_OUTER_BOUND ( 'NONE', #2408, .T. ) ;
#954 = ORIENTED_EDGE ( 'NONE', *, *, #1402, .F. ) ;
#955 = DIRECTION ( 'NONE',  ( -1.000000000000000000, -0.000000000000000000, -0.000000000000000000 ) ) ;
#956 = VERTEX_POINT ( 'NONE', #630 ) ;
#957 = CARTESIAN_POINT ( 'NONE',  ( -65.08442973520735109, 58.22641605283200050, -5.400000000000000355 ) ) ;
#958 = EDGE_CURVE ( 'NONE', #1096, #2418, #2743, .T. ) ;
#959 = DIRECTION ( 'NONE',  ( 0.000000000000000000, 0.000000000000000000, 1.000000000000000000 ) ) ;
#960 = VERTEX_POINT ( 'NONE', #645 ) ;
#961 = EDGE_CURVE ( 'NONE', #1502, #388, #1548, .T. ) ;
#962 = EDGE_CURVE ( 'NONE', #99, #734, #2610, .T. ) ;
#963 = DIRECTION ( 'NONE',  ( 0.000000000000000000, 0.000000000000000000, 1.000000000000000000 ) ) ;
#964 = LINE ( 'NONE', #1225, #43 ) ;
#965 = CARTESIAN_POINT ( 'NONE',  ( -1.602493717292873839E-13, 13.05172720345476911, 1.225187717355295805E-14 ) ) ;
#966 = ORIENTED_EDGE ( 'NONE', *, *, #1924, .F. ) ;
#967 = DIRECTION ( 'NONE',  ( -0.000000000000000000, -0.000000000000000000, -1.000000000000000000 ) ) ;
#968 = ORIENTED_EDGE ( 'NONE', *, *, #1324, .F. ) ;
#969 = DIRECTION ( 'NONE',  ( 0.000000000000000000, -1.000000000000000000, 0.000000000000000000 ) ) ;
#970 = LINE ( 'NONE', #125, #1259 ) ;
#971 = ORIENTED_EDGE ( 'NONE', *, *, #1903, .F. ) ;
#972 = LINE ( 'NONE', #1985, #2005 ) ;
#973 = LINE ( 'NONE', #146, #714 ) ;
#974 = EDGE_CURVE ( 'NONE', #2164, #1335, #430, .T. ) ;
#975 = EDGE_CURVE ( 'NONE', #1873, #1116, #1142, .T. ) ;
#976 = LINE ( 'NONE', #540, #1651 ) ;
#977 = ORIENTED_EDGE ( 'NONE', *, *, #162, .T. ) ;
#978 = CYLINDRICAL_SURFACE ( 'NONE', #1614, 2.250000000000001776 ) ;
#979 = EDGE_LOOP ( 'NONE', ( #2208, #817, #1146, #354, #1040, #204, #2216, #111, #897, #1356, #1843, #1480, #1308, #2142, #2741, #452, #2755, #2301, #290, #109, #438, #1495, #2359, #446, #18 ) ) ;
#980 = PLANE ( 'NONE',  #2441 ) ;
#981 = LINE ( 'NONE', #2282, #1167 ) ;
#982 = FACE_OUTER_BOUND ( 'NONE', #2035, .T. ) ;
#983 = AXIS2_PLACEMENT_3D ( 'NONE', #1596, #2259, #578 ) ;
#984 = VERTEX_POINT ( 'NONE', #2401 ) ;
#985 = VECTOR ( 'NONE', #1597, 1000.000000000000000 ) ;
#986 = LINE ( 'NONE', #522, #941 ) ;
#987 = AXIS2_PLACEMENT_3D ( 'NONE', #448, #663, #863 ) ;
#988 = ORIENTED_EDGE ( 'NONE', *, *, #1092, .T. ) ;
#989 = CARTESIAN_POINT ( 'NONE',  ( -62.93912370932763878, 12.05172725352899477, -6.000000000000000000 ) ) ;
#990 = EDGE_CURVE ( 'NONE', #1157, #2241, #1133, .T. ) ;
#991 = AXIS2_PLACEMENT_3D ( 'NONE', #1540, #2380, #1488 ) ;
#992 = DATE_AND_TIME ( #339, #2369 ) ;
#993 = ORIENTED_EDGE ( 'NONE', *, *, #2530, .F. ) ;
#994 = AXIS2_PLACEMENT_3D ( 'NONE', #1280, #2460, #2119 ) ;
#995 = CARTESIAN_POINT ( 'NONE',  ( -64.08542083027552394, 58.22641605283200050, 1.000000000000000000 ) ) ;
#996 = VERTEX_POINT ( 'NONE', #67 ) ;
#997 = CARTESIAN_POINT ( 'NONE',  ( -64.46012192024400633, 60.02641605283200477, -6.009999999999999787 ) ) ;
#998 = CARTESIAN_POINT ( 'NONE',  ( -47.00908045588099782, 58.22641605283200050, 0.5999999999999963141 ) ) ;
#999 = ORIENTED_EDGE ( 'NONE', *, *, #2084, .F. ) ;
#1000 = CYLINDRICAL_SURFACE ( 'NONE', #2183, 0.8000000000000020428 ) ;
#1001 = CARTESIAN_POINT ( 'NONE',  ( -19.75173990347982667, 25.30403860807700056, -1.550000000000000933 ) ) ;
#1002 = ORIENTED_EDGE ( 'NONE', *, *, #2038, .F. ) ;
#1003 = DIRECTION ( 'NONE',  ( -1.000000000000000000, 0.000000000000000000, 0.000000000000000000 ) ) ;
#1004 = EDGE_LOOP ( 'NONE', ( #1201, #542, #432, #87 ) ) ;
#1005 = DIRECTION ( 'NONE',  ( 0.000000000000000000, -0.000000000000000000, -1.000000000000000000 ) ) ;
#1006 = VERTEX_POINT ( 'NONE', #1486 ) ;
#1007 = ADVANCED_FACE ( 'NONE', ( #482 ), #1927, .F. ) ;
#1008 = EDGE_CURVE ( 'NONE', #342, #2562, #78, .T. ) ;
#1009 = DIRECTION ( 'NONE',  ( 1.000000000000000000, 2.839452576972512724E-15, -0.000000000000000000 ) ) ;
#1010 = DIRECTION ( 'NONE',  ( 0.000000000000000000, 0.000000000000000000, 1.000000000000000000 ) ) ;
#1011 = ORIENTED_EDGE ( 'NONE', *, *, #283, .T. ) ;
#1012 = CARTESIAN_POINT ( 'NONE',  ( -37.43908432816849086, 11.05172720345431081, 2.973811673103095791E-15 ) ) ;
#1013 = CARTESIAN_POINT ( 'NONE',  ( -21.93904495809000110, 15.03903225806500110, 0.000000000000000000 ) ) ;
#1014 = ORIENTED_EDGE ( 'NONE', *, *, #1286, .T. ) ;
#1015 = ORIENTED_EDGE ( 'NONE', *, *, #2636, .T. ) ;
#1016 = CARTESIAN_POINT ( 'NONE',  ( -48.69710439420900627, 60.02641605283200477, -5.400000000000000355 ) ) ;
#1017 = ORIENTED_EDGE ( 'NONE', *, *, #1286, .F. ) ;
#1018 = PLANE ( 'NONE',  #1471 ) ;
#1019 = DIRECTION ( 'NONE',  ( -1.577021341797096821E-15, 1.000000000000000000, 0.000000000000000000 ) ) ;
#1020 = CARTESIAN_POINT ( 'NONE',  ( -47.00908045588099782, 52.02641605283201187, 1.250000000000003331 ) ) ;
#1021 = EDGE_CURVE ( 'NONE', #32, #2181, #922, .T. ) ;
#1022 = VERTEX_POINT ( 'NONE', #858 ) ;
#1023 = DIRECTION ( 'NONE',  ( -0.0009778318102330516275, -0.9999995219223611898, -0.000000000000000000 ) ) ;
#1024 = VECTOR ( 'NONE', #2111, 1000.000000000000000 ) ;
#1025 = CARTESIAN_POINT ( 'NONE',  ( -35.43908432816850507, 12.05172720345399817, -5.400000000000000355 ) ) ;
#1026 = AXIS2_PLACEMENT_3D ( 'NONE', #2496, #821, #1446 ) ;
#1027 = CARTESIAN_POINT ( 'NONE',  ( -20.75173990347987285, 56.97641605283200761, 1.000000000000000000 ) ) ;
#1028 = AXIS2_PLACEMENT_3D ( 'NONE', #1932, #2617, #20 ) ;
#1029 = EDGE_LOOP ( 'NONE', ( #256, #2445 ) ) ;
#1030 = VECTOR ( 'NONE', #2550, 1000.000000000000000 ) ;
#1031 = CARTESIAN_POINT ( 'NONE',  ( -18.95173990347990411, 45.02641605283200477, -5.400000000000000355 ) ) ;
#1032 = VECTOR ( 'NONE', #2616, 1000.000000000000000 ) ;
#1033 = ORIENTED_EDGE ( 'NONE', *, *, #802, .T. ) ;
#1034 = VECTOR ( 'NONE', #286, 1000.000000000000000 ) ;
#1035 = DIRECTION ( 'NONE',  ( -1.000000000000000000, 0.000000000000000000, 0.000000000000000000 ) ) ;
#1036 = ORIENTED_EDGE ( 'NONE', *, *, #908, .F. ) ;
#1037 = CARTESIAN_POINT ( 'NONE',  ( -65.08442973520735109, 58.22641605283200050, -5.400000000000000355 ) ) ;
#1038 = DATE_AND_TIME ( #638, #1790 ) ;
#1039 = CARTESIAN_POINT ( 'NONE',  ( -62.93912369824698771, 12.05172725352899477, -6.000000000000000000 ) ) ;
#1040 = ORIENTED_EDGE ( 'NONE', *, *, #134, .T. ) ;
#1041 = EDGE_CURVE ( 'NONE', #1137, #569, #1608, .T. ) ;
#1042 = ADVANCED_FACE ( 'NONE', ( #1762 ), #1276, .F. ) ;
#1043 = CARTESIAN_POINT ( 'NONE',  ( 0.000000000000000000, 12.85172720345399888, -1.550000000000003597 ) ) ;
#1044 = DIRECTION ( 'NONE',  ( 1.000000000000000000, -1.939371124505637720E-10, -0.000000000000000000 ) ) ;
#1045 = ORIENTED_EDGE ( 'NONE', *, *, #925, .F. ) ;
#1046 = DIRECTION ( 'NONE',  ( -1.000000000000000000, 0.000000000000000000, -0.000000000000000000 ) ) ;
#1047 = ORIENTED_EDGE ( 'NONE', *, *, #153, .T. ) ;
#1048 = CARTESIAN_POINT ( 'NONE',  ( -65.08442973520735109, 58.22641605283200050, 50.78407294179726961 ) ) ;
#1049 = FACE_OUTER_BOUND ( 'NONE', #2488, .T. ) ;
#1050 = EDGE_LOOP ( 'NONE', ( #1015, #954, #1436, #309 ) ) ;
#1051 = PLANE ( 'NONE',  #1872 ) ;
#1052 = PERSON_AND_ORGANIZATION ( #520, #2323 ) ;
#1053 = CYLINDRICAL_SURFACE ( 'NONE', #2085, 1.187305054610409583 ) ;
#1054 = DIRECTION ( 'NONE',  ( -0.7071067811865512365, -8.676180231871980006E-15, -0.7071067811865439090 ) ) ;
#1055 = DIRECTION ( 'NONE',  ( 0.000000000000000000, 0.000000000000000000, 1.000000000000000000 ) ) ;
#1056 = EDGE_CURVE ( 'NONE', #1667, #1373, #285, .T. ) ;
#1057 = DIRECTION ( 'NONE',  ( -1.000000000000000000, 0.000000000000000000, 0.000000000000000000 ) ) ;
#1058 = EDGE_CURVE ( 'NONE', #1664, #1382, #726, .T. ) ;
#1059 = ORIENTED_EDGE ( 'NONE', *, *, #1433, .T. ) ;
#1060 = LINE ( 'NONE', #1511, #1878 ) ;
#1061 = ORIENTED_EDGE ( 'NONE', *, *, #2221, .F. ) ;
#1062 = DIRECTION ( 'NONE',  ( 0.000000000000000000, 0.000000000000000000, 1.000000000000000000 ) ) ;
#1063 = CYLINDRICAL_SURFACE ( 'NONE', #2405, 2.187305052147786810 ) ;
#1064 = ORIENTED_EDGE ( 'NONE', *, *, #2025, .F. ) ;
#1065 = FACE_OUTER_BOUND ( 'NONE', #2595, .T. ) ;
#1066 = FACE_OUTER_BOUND ( 'NONE', #1397, .T. ) ;
#1067 = ORIENTED_EDGE ( 'NONE', *, *, #1736, .F. ) ;
#1068 = VECTOR ( 'NONE', #2672, 1000.000000000000000 ) ;
#1069 = DIRECTION ( 'NONE',  ( 0.000000000000000000, -0.000000000000000000, -1.000000000000000000 ) ) ;
#1070 = DIRECTION ( 'NONE',  ( 1.000000000000000000, 1.226997175350663321E-14, -0.000000000000000000 ) ) ;
#1071 = AXIS2_PLACEMENT_3D ( 'NONE', #664, #1984, #1139 ) ;
#1072 = ORIENTED_EDGE ( 'NONE', *, *, #474, .F. ) ;
#1073 = ADVANCED_FACE ( 'NONE', ( #1410 ), #1199, .F. ) ;
#1074 = VECTOR ( 'NONE', #2388, 1000.000000000000000 ) ;
#1075 = FACE_BOUND ( 'NONE', #504, .T. ) ;
#1076 = EDGE_LOOP ( 'NONE', ( #1002, #1988, #345, #1528, #1173, #1392, #1424, #284, #358, #1838, #144, #2517, #2 ) ) ;
#1077 = VECTOR ( 'NONE', #2258, 1000.000000000000114 ) ;
#1078 = EDGE_CURVE ( 'NONE', #698, #1589, #2028, .T. ) ;
#1079 = CARTESIAN_POINT ( 'NONE',  ( -62.93912369824698771, 12.85172716959256967, -5.400000000000000355 ) ) ;
#1080 = DIRECTION ( 'NONE',  ( -0.000000000000000000, -0.000000000000000000, -1.000000000000000000 ) ) ;
#1081 = VECTOR ( 'NONE', #113, 1000.000000000000000 ) ;
#1082 = ORIENTED_EDGE ( 'NONE', *, *, #1418, .F. ) ;
#1083 = AXIS2_PLACEMENT_3D ( 'NONE', #2570, #643, #248 ) ;
#1084 = CARTESIAN_POINT ( 'NONE',  ( -64.46012192024400633, 60.02641605283200477, -5.400000000000000355 ) ) ;
#1085 = PLANE ( 'NONE',  #1028 ) ;
#1086 = ORIENTED_EDGE ( 'NONE', *, *, #1765, .T. ) ;
#1087 = CARTESIAN_POINT ( 'NONE',  ( -21.93904495809000110, 13.85172720345430264, 0.000000000000000000 ) ) ;
#1088 = FACE_OUTER_BOUND ( 'NONE', #2387, .T. ) ;
#1089 = CARTESIAN_POINT ( 'NONE',  ( -18.95173990347981530, 25.30403860807699346, -5.400000000000000355 ) ) ;
#1090 = ORIENTED_EDGE ( 'NONE', *, *, #1635, .F. ) ;
#1091 = DIRECTION ( 'NONE',  ( 0.000000000000000000, -1.000000000000000000, -1.807003620809174632E-16 ) ) ;
#1092 = EDGE_CURVE ( 'NONE', #170, #2253, #782, .T. ) ;
#1093 = EDGE_LOOP ( 'NONE', ( #2129, #1890, #600, #1627 ) ) ;
#1094 = CARTESIAN_POINT ( 'NONE',  ( -17.95173990348000004, 25.30403860807700056, -1.550000000000000933 ) ) ;
#1095 = LINE ( 'NONE', #2395, #1561 ) ;
#1096 = VERTEX_POINT ( 'NONE', #352 ) ;
#1097 = ORIENTED_EDGE ( 'NONE', *, *, #2227, .F. ) ;
#1098 = CARTESIAN_POINT ( 'NONE',  ( -19.75173990347987640, 58.22641605283200761, -5.400000000000000355 ) ) ;
#1099 = DIRECTION ( 'NONE',  ( -1.446025196430910091E-15, 1.000000000000000000, 0.000000000000000000 ) ) ;
#1100 = ORIENTED_EDGE ( 'NONE', *, *, #1902, .T. ) ;
#1101 = LINE ( 'NONE', #626, #2232 ) ;
#1102 = ORIENTED_EDGE ( 'NONE', *, *, #1886, .T. ) ;
#1103 = DIRECTION ( 'NONE',  ( -0.000000000000000000, -0.000000000000000000, 1.000000000000000000 ) ) ;
#1104 = CARTESIAN_POINT ( 'NONE',  ( -21.93904495809000110, 15.03903225806500110, 50.78407294179726961 ) ) ;
#1105 = APPLICATION_CONTEXT ( 'configuration controlled 3d designs of mechanical parts and assemblies' ) ;
#1106 = ORIENTED_EDGE ( 'NONE', *, *, #958, .T. ) ;
#1107 = EDGE_CURVE ( 'NONE', #1583, #843, #1806, .T. ) ;
#1108 = LINE ( 'NONE', #229, #2449 ) ;
#1109 = LINE ( 'NONE', #917, #2662 ) ;
#1110 = EDGE_CURVE ( 'NONE', #928, #1949, #1175, .T. ) ;
#1111 = LINE ( 'NONE', #1408, #2224 ) ;
#1112 = DIRECTION ( 'NONE',  ( -1.226997175350663321E-14, 1.000000000000000000, 0.000000000000000000 ) ) ;
#1113 = VERTEX_POINT ( 'NONE', #1380 ) ;
#1114 = VECTOR ( 'NONE', #969, 1000.000000000000000 ) ;
#1115 = VECTOR ( 'NONE', #1504, 1000.000000000000000 ) ;
#1116 = VERTEX_POINT ( 'NONE', #1628 ) ;
#1117 = VECTOR ( 'NONE', #556, 1000.000000000000000 ) ;
#1118 = DIRECTION ( 'NONE',  ( 1.654584353154874569E-16, 1.000000000000000000, -0.000000000000000000 ) ) ;
#1119 = DESIGN_CONTEXT ( 'detailed design', #1105, 'design' ) ;
#1120 = VECTOR ( 'NONE', #2746, 1000.000000000000000 ) ;
#1121 = ORIENTED_EDGE ( 'NONE', *, *, #872, .F. ) ;
#1122 = VECTOR ( 'NONE', #778, 1000.000000000000000 ) ;
#1123 = DIRECTION ( 'NONE',  ( -0.0009778239106076271232, -0.9999995219300857885, 0.000000000000000000 ) ) ;
#1124 = DIRECTION ( 'NONE',  ( 0.000000000000000000, -0.000000000000000000, -1.000000000000000000 ) ) ;
#1125 = EDGE_LOOP ( 'NONE', ( #2114, #1086, #2420, #1182, #2201, #1617, #2292, #742, #2055, #2204, #2612, #167, #163 ) ) ;
#1126 = AXIS2_PLACEMENT_3D ( 'NONE', #26, #2370, #2352 ) ;
#1127 = LINE ( 'NONE', #2345, #1780 ) ;
#1128 = VECTOR ( 'NONE', #755, 1000.000000000000000 ) ;
#1129 = CARTESIAN_POINT ( 'NONE',  ( -18.45173990348000004, 45.02641605283200477, -6.000000000000000000 ) ) ;
#1130 = EDGE_CURVE ( 'NONE', #584, #177, #1421, .T. ) ;
#1131 = EDGE_CURVE ( 'NONE', #2165, #984, #1836, .T. ) ;
#1132 = EDGE_LOOP ( 'NONE', ( #1733, #1933, #2112, #2483 ) ) ;
#1133 = LINE ( 'NONE', #1977, #1074 ) ;
#1134 = PLANE ( 'NONE',  #636 ) ;
#1135 = ORIENTED_EDGE ( 'NONE', *, *, #974, .F. ) ;
#1136 = DIRECTION ( 'NONE',  ( -1.000000000000000000, 0.000000000000000000, 0.000000000000000000 ) ) ;
#1137 = VERTEX_POINT ( 'NONE', #108 ) ;
#1138 = LINE ( 'NONE', #1768, #1032 ) ;
#1139 = DIRECTION ( 'NONE',  ( -1.000000000000000000, 0.000000000000000000, 0.000000000000000000 ) ) ;
#1140 = LINE ( 'NONE', #536, #3 ) ;
#1141 = VERTEX_POINT ( 'NONE', #1155 ) ;
#1142 = LINE ( 'NONE', #2102, #1826 ) ;
#1143 = EDGE_CURVE ( 'NONE', #1157, #95, #2683, .T. ) ;
#1144 = EDGE_CURVE ( 'NONE', #1562, #1856, #1186, .T. ) ;
#1145 = DIRECTION ( 'NONE',  ( -0.9999999999999859002, 1.682626982675256079E-07, 0.000000000000000000 ) ) ;
#1146 = ORIENTED_EDGE ( 'NONE', *, *, #2293, .T. ) ;
#1147 = EDGE_CURVE ( 'NONE', #640, #1951, #1817, .T. ) ;
#1148 = CARTESIAN_POINT ( 'NONE',  ( -49.43908432816851217, 13.05172720345416160, -1.999999999999994449 ) ) ;
#1149 = ORIENTED_EDGE ( 'NONE', *, *, #1903, .T. ) ;
#1150 = ORIENTED_EDGE ( 'NONE', *, *, #269, .F. ) ;
#1151 = LINE ( 'NONE', #1784, #1527 ) ;
#1152 = ORIENTED_EDGE ( 'NONE', *, *, #1267, .T. ) ;
#1153 = CARTESIAN_POINT ( 'NONE',  ( -24.43908432816851573, 12.85172720345399888, -1.550000000000003597 ) ) ;
#1154 = VERTEX_POINT ( 'NONE', #934 ) ;
#1155 = CARTESIAN_POINT ( 'NONE',  ( -19.75173990347987285, 58.22641605283200761, 0.000000000000000000 ) ) ;
#1156 = LINE ( 'NONE', #741, #2187 ) ;
#1157 = VERTEX_POINT ( 'NONE', #2641 ) ;
#1158 = EDGE_CURVE ( 'NONE', #2241, #984, #976, .T. ) ;
#1159 = VECTOR ( 'NONE', #798, 1000.000000000000000 ) ;
#1160 = CARTESIAN_POINT ( 'NONE',  ( -64.46012192024400633, 60.02641605283200477, -6.000000000000000000 ) ) ;
#1161 = ORIENTED_EDGE ( 'NONE', *, *, #1144, .T. ) ;
#1162 = EDGE_CURVE ( 'NONE', #640, #1946, #1399, .T. ) ;
#1163 = EDGE_CURVE ( 'NONE', #775, #11, #2249, .T. ) ;
#1164 = AXIS2_PLACEMENT_3D ( 'NONE', #1184, #737, #764 ) ;
#1165 = CARTESIAN_POINT ( 'NONE',  ( -19.75173990347987285, 58.22641605283200761, 0.000000000000000000 ) ) ;
#1166 = DIRECTION ( 'NONE',  ( 0.000000000000000000, 0.000000000000000000, -1.000000000000000000 ) ) ;
#1167 = VECTOR ( 'NONE', #2673, 1000.000000000000000 ) ;
#1168 = ORIENTED_EDGE ( 'NONE', *, *, #1819, .F. ) ;
#1169 = VECTOR ( 'NONE', #252, 1000.000000000000000 ) ;
#1170 = CARTESIAN_POINT ( 'NONE',  ( -20.75173990347987996, 15.03903225806500110, 1.000000000000000000 ) ) ;
#1171 = DIRECTION ( 'NONE',  ( -1.000000000000000000, 5.563872244388191691E-09, 0.000000000000000000 ) ) ;
#1172 = AXIS2_PLACEMENT_3D ( 'NONE', #280, #1594, #2436 ) ;
#1173 = ORIENTED_EDGE ( 'NONE', *, *, #162, .F. ) ;
#1174 = VECTOR ( 'NONE', #296, 1000.000000000000000 ) ;
#1175 = LINE ( 'NONE', #2237, #2360 ) ;
#1176 = VERTEX_POINT ( 'NONE', #2663 ) ;
#1177 = FACE_OUTER_BOUND ( 'NONE', #761, .T. ) ;
#1178 = ORIENTED_EDGE ( 'NONE', *, *, #2343, .F. ) ;
#1179 = CARTESIAN_POINT ( 'NONE',  ( -6.721005378748988534E-13, 12.05172720345597348, -1.550000000000003597 ) ) ;
#1180 = DIRECTION ( 'NONE',  ( 1.446025196430910091E-15, -1.000000000000000000, -1.689939018863616908E-16 ) ) ;
#1181 = EDGE_CURVE ( 'NONE', #2239, #564, #1523, .T. ) ;
#1182 = ORIENTED_EDGE ( 'NONE', *, *, #149, .T. ) ;
#1183 = CARTESIAN_POINT ( 'NONE',  ( -65.12642876855709062, 15.03903225806500110, 0.000000000000000000 ) ) ;
#1184 = CARTESIAN_POINT ( 'NONE',  ( -42.35996951993899984, 27.92494030988099851, 1.000000000000000000 ) ) ;
#1185 = ORIENTED_EDGE ( 'NONE', *, *, #1352, .F. ) ;
#1186 = LINE ( 'NONE', #952, #445 ) ;
#1187 = ORIENTED_EDGE ( 'NONE', *, *, #2343, .T. ) ;
#1188 = FACE_OUTER_BOUND ( 'NONE', #2586, .T. ) ;
#1189 = ORIENTED_EDGE ( 'NONE', *, *, #319, .T. ) ;
#1190 = CARTESIAN_POINT ( 'NONE',  ( -66.88442929678097926, 57.99180238179982894, -6.000000000000000000 ) ) ;
#1191 = DIRECTION ( 'NONE',  ( 0.000000000000000000, 0.000000000000000000, -1.000000000000000000 ) ) ;
#1192 = CARTESIAN_POINT ( 'NONE',  ( -62.93912369828669284, 13.85172702648710086, 1.000000000000000000 ) ) ;
#1193 = EDGE_LOOP ( 'NONE', ( #1840, #1161, #1972, #2031 ) ) ;
#1194 = EDGE_CURVE ( 'NONE', #2450, #1683, #2534, .T. ) ;
#1195 = CARTESIAN_POINT ( 'NONE',  ( -21.93904495809000110, 15.03903225806500110, -6.000000000000000000 ) ) ;
#1196 = PLANE ( 'NONE',  #535 ) ;
#1197 = EDGE_LOOP ( 'NONE', ( #1595, #2132, #1102, #2078 ) ) ;
#1198 = EDGE_CURVE ( 'NONE', #1316, #1664, #1367, .T. ) ;
#1199 = PLANE ( 'NONE',  #944 ) ;
#1200 = PERSON_AND_ORGANIZATION ( #520, #2323 ) ;
#1201 = ORIENTED_EDGE ( 'NONE', *, *, #2057, .T. ) ;
#1202 = DIRECTION ( 'NONE',  ( 1.000000000000000000, 0.000000000000000000, -0.000000000000000000 ) ) ;
#1203 = ORIENTED_EDGE ( 'NONE', *, *, #962, .F. ) ;
#1204 = DIRECTION ( 'NONE',  ( -1.000000000000000000, -5.576798466548150274E-14, -1.007729502157555985E-29 ) ) ;
#1205 = CIRCLE ( 'NONE', #1385, 2.187305106634757301 ) ;
#1206 = LINE ( 'NONE', #1222, #2271 ) ;
#1207 = VECTOR ( 'NONE', #2639, 1000.000000000000000 ) ;
#1208 = VERTEX_POINT ( 'NONE', #92 ) ;
#1209 = VECTOR ( 'NONE', #495, 1000.000000000000000 ) ;
#1210 = FACE_BOUND ( 'NONE', #442, .T. ) ;
#1211 = PLANE ( 'NONE',  #983 ) ;
#1212 = VECTOR ( 'NONE', #2596, 1000.000000000000000 ) ;
#1213 = DIRECTION ( 'NONE',  ( -1.000000000000000000, 0.000000000000000000, 4.392255759084856937E-16 ) ) ;
#1214 = AXIS2_PLACEMENT_3D ( 'NONE', #1277, #1908, #2547 ) ;
#1215 = EDGE_CURVE ( 'NONE', #1993, #2562, #1681, .T. ) ;
#1216 = EDGE_CURVE ( 'NONE', #1252, #523, #621, .T. ) ;
#1217 = ORIENTED_EDGE ( 'NONE', *, *, #1370, .T. ) ;
#1218 = VECTOR ( 'NONE', #138, 1000.000000000000000 ) ;
#1219 = LINE ( 'NONE', #1031, #1702 ) ;
#1220 = ORIENTED_EDGE ( 'NONE', *, *, #633, .F. ) ;
#1221 = DIRECTION ( 'NONE',  ( -0.000000000000000000, -0.000000000000000000, 1.000000000000000000 ) ) ;
#1222 = CARTESIAN_POINT ( 'NONE',  ( -20.85173990347987782, 52.02641605283201187, 1.000000000000000000 ) ) ;
#1223 = ORIENTED_EDGE ( 'NONE', *, *, #2227, .T. ) ;
#1224 = CARTESIAN_POINT ( 'NONE',  ( -18.45173990348000004, 45.02641605283200477, 8.500000000000005329 ) ) ;
#1225 = CARTESIAN_POINT ( 'NONE',  ( -49.43908432816849796, 12.05172720345399817, -5.400000000000000355 ) ) ;
#1226 = ORIENTED_EDGE ( 'NONE', *, *, #1467, .T. ) ;
#1227 = CYLINDRICAL_SURFACE ( 'NONE', #1256, 3.987304954461014184 ) ;
#1228 = ORIENTED_EDGE ( 'NONE', *, *, #462, .F. ) ;
#1229 = ADVANCED_FACE ( 'NONE', ( #808 ), #1227, .T. ) ;
#1230 = EDGE_CURVE ( 'NONE', #960, #1877, #1462, .T. ) ;
#1231 = DIRECTION ( 'NONE',  ( 0.000000000000000000, 0.000000000000000000, 1.000000000000000000 ) ) ;
#1232 = ORIENTED_EDGE ( 'NONE', *, *, #1402, .T. ) ;
#1233 = EDGE_CURVE ( 'NONE', #843, #1905, #377, .T. ) ;
#1234 = LINE ( 'NONE', #1456, #2320 ) ;
#1235 = ORIENTED_EDGE ( 'NONE', *, *, #1008, .T. ) ;
#1236 = LINE ( 'NONE', #2105, #1120 ) ;
#1237 = DIRECTION ( 'NONE',  ( 0.000000000000000000, 0.000000000000000000, -1.000000000000000000 ) ) ;
#1238 = LINE ( 'NONE', #794, #394 ) ;
#1239 = DIRECTION ( 'NONE',  ( -0.000000000000000000, 1.000000000000000000, 0.000000000000000000 ) ) ;
#1240 = ORIENTED_EDGE ( 'NONE', *, *, #1539, .T. ) ;
#1241 = CARTESIAN_POINT ( 'NONE',  ( -62.93912369828669284, 13.85172702648710086, 0.000000000000000000 ) ) ;
#1242 = EDGE_LOOP ( 'NONE', ( #2526, #1312, #648, #2325 ) ) ;
#1243 = LINE ( 'NONE', #416, #577 ) ;
#1244 = DIRECTION ( 'NONE',  ( 0.000000000000000000, 0.000000000000000000, 1.000000000000000000 ) ) ;
#1245 = EDGE_CURVE ( 'NONE', #2562, #1589, #1238, .T. ) ;
#1246 = EDGE_CURVE ( 'NONE', #564, #13, #1697, .T. ) ;
#1247 = ORIENTED_EDGE ( 'NONE', *, *, #1732, .T. ) ;
#1248 = LINE ( 'NONE', #1844, #93 ) ;
#1249 = CALENDAR_DATE ( 2026, 15, 8 ) ;
#1250 = VECTOR ( 'NONE', #1906, 1000.000000000000000 ) ;
#1251 = DIRECTION ( 'NONE',  ( 0.000000000000000000, -1.000000000000000000, -1.631481149753387957E-16 ) ) ;
#1252 = VERTEX_POINT ( 'NONE', #171 ) ;
#1253 = AXIS2_PLACEMENT_3D ( 'NONE', #1378, #307, #555 ) ;
#1254 = CARTESIAN_POINT ( 'NONE',  ( -18.45173990348000004, 37.52641605283200477, 8.500000000000005329 ) ) ;
#1255 = FACE_OUTER_BOUND ( 'NONE', #201, .T. ) ;
#1256 = AXIS2_PLACEMENT_3D ( 'NONE', #2725, #1055, #1658 ) ;
#1257 = ORIENTED_EDGE ( 'NONE', *, *, #1467, .F. ) ;
#1258 = DIRECTION ( 'NONE',  ( -0.000000000000000000, -0.000000000000000000, -1.000000000000000000 ) ) ;
#1259 = VECTOR ( 'NONE', #1180, 1000.000000000000000 ) ;
#1260 = ORIENTED_EDGE ( 'NONE', *, *, #2226, .T. ) ;
#1261 = DIRECTION ( 'NONE',  ( 0.000000000000000000, 0.000000000000000000, 1.000000000000000000 ) ) ;
#1262 = CARTESIAN_POINT ( 'NONE',  ( -66.88442929678097926, 57.99180238179982894, -6.000000000000000000 ) ) ;
#1263 = VECTOR ( 'NONE', #2698, 1000.000000000000000 ) ;
#1264 = DIRECTION ( 'NONE',  ( -0.000000000000000000, -0.000000000000000000, 1.000000000000000000 ) ) ;
#1265 = ORIENTED_EDGE ( 'NONE', *, *, #1849, .T. ) ;
#1266 = EDGE_CURVE ( 'NONE', #1455, #793, #2334, .T. ) ;
#1267 = EDGE_CURVE ( 'NONE', #2549, #1442, #1963, .T. ) ;
#1268 = DIRECTION ( 'NONE',  ( 1.000000000000000000, 0.000000000000000000, 0.000000000000000000 ) ) ;
#1269 = COORDINATED_UNIVERSAL_TIME_OFFSET ( 8, 0, .AHEAD. ) ;
#1270 = CARTESIAN_POINT ( 'NONE',  ( -35.43908432816851928, 12.85172720345399888, -2.000000000000019540 ) ) ;
#1271 = ORIENTED_EDGE ( 'NONE', *, *, #1657, .F. ) ;
#1272 = CARTESIAN_POINT ( 'NONE',  ( -42.35996951993899984, 27.92494030988099851, 0.000000000000000000 ) ) ;
#1273 = EDGE_LOOP ( 'NONE', ( #136, #2732, #1549, #2565, #2427, #2600, #334, #1014, #1936, #534 ) ) ;
#1274 = CARTESIAN_POINT ( 'NONE',  ( -66.88442977476636031, 57.99131355525146603, -6.000000000000000000 ) ) ;
#1275 = ORIENTED_EDGE ( 'NONE', *, *, #1233, .F. ) ;
#1276 = PLANE ( 'NONE',  #2138 ) ;
#1277 = CARTESIAN_POINT ( 'NONE',  ( -62.93912369824698771, 12.85172727856649288, 50.78407294179726961 ) ) ;
#1278 = ORIENTED_EDGE ( 'NONE', *, *, #382, .T. ) ;
#1279 = DIRECTION ( 'NONE',  ( -0.0009778239106076271232, -0.9999995219300857885, 0.000000000000000000 ) ) ;
#1280 = CARTESIAN_POINT ( 'NONE',  ( 0.000000000000000000, 0.000000000000000000, 0.000000000000000000 ) ) ;
#1281 = DIRECTION ( 'NONE',  ( -0.000000000000000000, -0.000000000000000000, 1.000000000000000000 ) ) ;
#1282 = EDGE_CURVE ( 'NONE', #1901, #836, #594, .T. ) ;
#1283 = VERTEX_POINT ( 'NONE', #1284 ) ;
#1284 = CARTESIAN_POINT ( 'NONE',  ( -20.80905505583099924, 57.02641605283200477, 2.000000000000000000 ) ) ;
#1285 = FACE_OUTER_BOUND ( 'NONE', #193, .T. ) ;
#1286 = EDGE_CURVE ( 'NONE', #1439, #396, #641, .T. ) ;
#1287 = ORIENTED_EDGE ( 'NONE', *, *, #1266, .T. ) ;
#1288 = LINE ( 'NONE', #868, #1834 ) ;
#1289 = ORIENTED_EDGE ( 'NONE', *, *, #837, .T. ) ;
#1290 = CARTESIAN_POINT ( 'NONE',  ( -29.79706754230916488, 12.85172709029646221, 17.64201678585922295 ) ) ;
#1291 = CARTESIAN_POINT ( 'NONE',  ( -58.55864635623051129, 58.22641605283200050, -1.499999999999999778 ) ) ;
#1292 = ORIENTED_EDGE ( 'NONE', *, *, #1144, .F. ) ;
#1293 = CARTESIAN_POINT ( 'NONE',  ( -62.93912369824698771, 15.03903225806500110, -6.009999999999999787 ) ) ;
#1294 = LINE ( 'NONE', #2120, #851 ) ;
#1295 = VECTOR ( 'NONE', #1509, 1000.000000000000000 ) ;
#1296 = CARTESIAN_POINT ( 'NONE',  ( -55.65422929896929105, 59.02641605283199766, -1.500000000000000000 ) ) ;
#1297 = DIRECTION ( 'NONE',  ( -1.000000000000000000, -5.566885336543761421E-14, 0.000000000000000000 ) ) ;
#1298 = AXIS2_PLACEMENT_3D ( 'NONE', #158, #2248, #2426 ) ;
#1299 = VERTEX_POINT ( 'NONE', #582 ) ;
#1300 = EDGE_CURVE ( 'NONE', #523, #37, #1874, .T. ) ;
#1301 = EDGE_CURVE ( 'NONE', #1466, #2149, #2046, .T. ) ;
#1302 = VECTOR ( 'NONE', #2459, 1000.000000000000000 ) ;
#1303 = CARTESIAN_POINT ( 'NONE',  ( -18.95173990348000004, 60.02641605283200477, -6.000000000000000000 ) ) ;
#1304 = VERTEX_POINT ( 'NONE', #1947 ) ;
#1305 = AXIS2_PLACEMENT_3D ( 'NONE', #2608, #1712, #64 ) ;
#1306 = DIRECTION ( 'NONE',  ( 0.000000000000000000, -1.807003620809174632E-16, 1.000000000000000000 ) ) ;
#1307 = VECTOR ( 'NONE', #1842, 1000.000000000000000 ) ;
#1308 = ORIENTED_EDGE ( 'NONE', *, *, #1301, .T. ) ;
#1309 = AXIS2_PLACEMENT_3D ( 'NONE', #2366, #2557, #853 ) ;
#1310 = CARTESIAN_POINT ( 'NONE',  ( -35.43908432816851928, 12.85172720345399888, 0.000000000000000000 ) ) ;
#1311 = DIRECTION ( 'NONE',  ( -1.000000000000000000, 0.000000000000000000, 0.000000000000000000 ) ) ;
#1312 = ORIENTED_EDGE ( 'NONE', *, *, #609, .T. ) ;
#1313 = ORIENTED_EDGE ( 'NONE', *, *, #1657, .T. ) ;
#1314 = CARTESIAN_POINT ( 'NONE',  ( -19.75173990347982667, 25.30403860807712135, 50.78407294179724829 ) ) ;
#1315 = FACE_OUTER_BOUND ( 'NONE', #210, .T. ) ;
#1316 = VERTEX_POINT ( 'NONE', #1340 ) ;
#1317 = CC_DESIGN_DATE_AND_TIME_ASSIGNMENT ( #1818, #2106, ( #2501 ) ) ;
#1318 = CARTESIAN_POINT ( 'NONE',  ( -49.79562883019551833, 59.02641605283199766, -1.499999999999999778 ) ) ;
#1319 = ORIENTED_EDGE ( 'NONE', *, *, #1506, .T. ) ;
#1320 = EDGE_CURVE ( 'NONE', #170, #189, #892, .T. ) ;
#1321 = EDGE_CURVE ( 'NONE', #1583, #996, #1127, .T. ) ;
#1322 = CARTESIAN_POINT ( 'NONE',  ( -42.35996951993899984, 27.92494030988099851, 1.500000000000000000 ) ) ;
#1323 = ORIENTED_EDGE ( 'NONE', *, *, #2365, .T. ) ;
#1324 = EDGE_CURVE ( 'NONE', #1116, #635, #2375, .T. ) ;
#1325 = LINE ( 'NONE', #477, #183 ) ;
#1326 = CARTESIAN_POINT ( 'NONE',  ( -19.50721673146667356, 13.30403860807730787, -1.550000000000003597 ) ) ;
#1327 = ORIENTED_EDGE ( 'NONE', *, *, #1194, .T. ) ;
#1328 = EDGE_LOOP ( 'NONE', ( #2336, #869, #1400, #756 ) ) ;
#1329 = PLANE ( 'NONE',  #181 ) ;
#1330 = CARTESIAN_POINT ( 'NONE',  ( -19.75173990347981245, 15.03903225806500110, 50.78407294179726961 ) ) ;
#1331 = EDGE_LOOP ( 'NONE', ( #2513, #553, #2042, #940, #579, #1036, #598, #1313, #662, #2299 ) ) ;
#1332 = LINE ( 'NONE', #1368, #2631 ) ;
#1333 = ORIENTED_EDGE ( 'NONE', *, *, #1707, .F. ) ;
#1334 = DIRECTION ( 'NONE',  ( -0.000000000000000000, -0.000000000000000000, -1.000000000000000000 ) ) ;
#1335 = VERTEX_POINT ( 'NONE', #215 ) ;
#1336 = LINE ( 'NONE', #2593, #2585 ) ;
#1337 = EDGE_CURVE ( 'NONE', #1006, #388, #919, .T. ) ;
#1338 = EDGE_CURVE ( 'NONE', #511, #1517, #2385, .T. ) ;
#1339 = PLANE ( 'NONE',  #623 ) ;
#1340 = CARTESIAN_POINT ( 'NONE',  ( -63.36159748425748717, 58.22641605283200050, -1.499999999999999112 ) ) ;
#1341 = LINE ( 'NONE', #208, #762 ) ;
#1342 = APPLICATION_PROTOCOL_DEFINITION ( 'international standard', 'config_control_design', 1994, #293 ) ;
#1343 = VECTOR ( 'NONE', #893, 1000.000000000000114 ) ;
#1344 = ORIENTED_EDGE ( 'NONE', *, *, #203, .T. ) ;
#1345 = VECTOR ( 'NONE', #1642, 1000.000000000000000 ) ;
#1346 = CARTESIAN_POINT ( 'NONE',  ( -65.08442977491444026, 57.99043336326634801, -5.400000000000000355 ) ) ;
#1347 = AXIS2_PLACEMENT_3D ( 'NONE', #2013, #1584, #1803 ) ;
#1348 = EDGE_LOOP ( 'NONE', ( #2199, #1882, #2556, #1846 ) ) ;
#1349 = VECTOR ( 'NONE', #1648, 1000.000000000000000 ) ;
#1350 = CARTESIAN_POINT ( 'NONE',  ( -66.88442929678097926, 57.99180238179982894, 2.000000000000000000 ) ) ;
#1351 = DIRECTION ( 'NONE',  ( -1.000000000000000000, -0.000000000000000000, -0.000000000000000000 ) ) ;
#1352 = EDGE_CURVE ( 'NONE', #584, #2692, #2178, .T. ) ;
#1353 = ADVANCED_FACE ( 'NONE', ( #480 ), #1973, .F. ) ;
#1354 = DIRECTION ( 'NONE',  ( 0.000000000000000000, 0.000000000000000000, -1.000000000000000000 ) ) ;
#1355 = DIRECTION ( 'NONE',  ( -0.0009778318102330518444, -0.9999995219223611898, 0.000000000000000000 ) ) ;
#1356 = ORIENTED_EDGE ( 'NONE', *, *, #2194, .T. ) ;
#1357 = CARTESIAN_POINT ( 'NONE',  ( -18.95173990348000004, 60.02641605283200477, 2.000000000000000000 ) ) ;
#1358 = LINE ( 'NONE', #56, #1788 ) ;
#1359 = VERTEX_POINT ( 'NONE', #1519 ) ;
#1360 = DIRECTION ( 'NONE',  ( 0.000000000000000000, -1.000000000000000000, -1.807003620809174632E-16 ) ) ;
#1361 = ORIENTED_EDGE ( 'NONE', *, *, #802, .F. ) ;
#1362 = DIRECTION ( 'NONE',  ( -0.000000000000000000, 1.000000000000000000, 0.000000000000000000 ) ) ;
#1363 = DIRECTION ( 'NONE',  ( 0.000000000000000000, -1.000000000000000000, 0.000000000000000000 ) ) ;
#1364 = LINE ( 'NONE', #2679, #1565 ) ;
#1365 = ADVANCED_FACE ( 'NONE', ( #257 ), #1329, .T. ) ;
#1366 = CARTESIAN_POINT ( 'NONE',  ( -49.79562883019551833, 59.02641605283199766, -1.499999999999999778 ) ) ;
#1367 = LINE ( 'NONE', #2261, #538 ) ;
#1368 = CARTESIAN_POINT ( 'NONE',  ( -35.43908432816851928, 12.85172720345400421, -2.000000000000019540 ) ) ;
#1369 = EDGE_CURVE ( 'NONE', #1497, #151, #866, .T. ) ;
#1370 = EDGE_CURVE ( 'NONE', #1154, #810, #2582, .T. ) ;
#1371 = ORIENTED_EDGE ( 'NONE', *, *, #891, .T. ) ;
#1372 = LINE ( 'NONE', #914, #451 ) ;
#1373 = VERTEX_POINT ( 'NONE', #2554 ) ;
#1374 = CARTESIAN_POINT ( 'NONE',  ( -62.93912369824698771, 12.85172720591721074, 0.000000000000000000 ) ) ;
#1375 = LINE ( 'NONE', #759, #813 ) ;
#1376 = ORIENTED_EDGE ( 'NONE', *, *, #961, .F. ) ;
#1377 = DIRECTION ( 'NONE',  ( -0.000000000000000000, -0.000000000000000000, -1.000000000000000000 ) ) ;
#1378 = CARTESIAN_POINT ( 'NONE',  ( -62.93912369824698771, 15.03903225806500110, 0.000000000000000000 ) ) ;
#1379 = VERTEX_POINT ( 'NONE', #1098 ) ;
#1380 = CARTESIAN_POINT ( 'NONE',  ( -37.43908432816851217, 12.85172720345395447, 2.973811673103094608E-15 ) ) ;
#1381 = PLANE ( 'NONE',  #1398 ) ;
#1382 = VERTEX_POINT ( 'NONE', #655 ) ;
#1383 = ADVANCED_FACE ( 'NONE', ( #1508 ), #35, .T. ) ;
#1384 = EDGE_CURVE ( 'NONE', #793, #587, #1533, .T. ) ;
#1385 = AXIS2_PLACEMENT_3D ( 'NONE', #2077, #642, #1496 ) ;
#1386 = DIRECTION ( 'NONE',  ( 0.000000000000000000, -1.000000000000000000, -3.040715435768610017E-30 ) ) ;
#1387 = ORIENTED_EDGE ( 'NONE', *, *, #1732, .F. ) ;
#1388 = CIRCLE ( 'NONE', #45, 1.187305054610409583 ) ;
#1389 = CARTESIAN_POINT ( 'NONE',  ( -20.75173990347987285, 56.97641605283200761, 0.000000000000000000 ) ) ;
#1390 = DIRECTION ( 'NONE',  ( 0.000000000000000000, 0.000000000000000000, 1.000000000000000000 ) ) ;
#1391 = VECTOR ( 'NONE', #1893, 1000.000000000000000 ) ;
#1392 = ORIENTED_EDGE ( 'NONE', *, *, #2209, .F. ) ;
#1393 = VECTOR ( 'NONE', #1750, 1000.000000000000000 ) ;
#1394 = DIRECTION ( 'NONE',  ( 0.000000000000000000, 0.000000000000000000, 1.000000000000000000 ) ) ;
#1395 = DIRECTION ( 'NONE',  ( 0.000000000000000000, -1.000000000000000000, 0.000000000000000000 ) ) ;
#1396 = AXIS2_PLACEMENT_3D ( 'NONE', #1104, #1513, #225 ) ;
#1397 = EDGE_LOOP ( 'NONE', ( #1655, #1292, #546, #1470, #261, #2535 ) ) ;
#1398 = AXIS2_PLACEMENT_3D ( 'NONE', #1987, #500, #2377 ) ;
#1399 = LINE ( 'NONE', #2625, #1117 ) ;
#1400 = ORIENTED_EDGE ( 'NONE', *, *, #2147, .T. ) ;
#1401 = DIRECTION ( 'NONE',  ( 0.000000000000000000, -1.000000000000000000, 0.000000000000000000 ) ) ;
#1402 = EDGE_CURVE ( 'NONE', #2236, #2549, #453, .T. ) ;
#1403 = ORIENTED_EDGE ( 'NONE', *, *, #1979, .T. ) ;
#1404 = FACE_OUTER_BOUND ( 'NONE', #840, .T. ) ;
#1405 = DIRECTION ( 'NONE',  ( 1.000000000000000000, -0.000000000000000000, 0.000000000000000000 ) ) ;
#1406 = EDGE_CURVE ( 'NONE', #2145, #472, #667, .T. ) ;
#1407 = ORIENTED_EDGE ( 'NONE', *, *, #84, .F. ) ;
#1408 = CARTESIAN_POINT ( 'NONE',  ( -64.08542083027552394, 56.97641605283200761, 0.000000000000000000 ) ) ;
#1409 = DIRECTION ( 'NONE',  ( -0.7071067811865451302, -8.676180231871904276E-15, 0.7071067811865500152 ) ) ;
#1410 = FACE_OUTER_BOUND ( 'NONE', #979, .T. ) ;
#1411 = DATE_AND_TIME ( #2472, #777 ) ;
#1412 = ORIENTED_EDGE ( 'NONE', *, *, #1489, .F. ) ;
#1413 = CARTESIAN_POINT ( 'NONE',  ( -34.63908432816851501, 12.85172720345399888, 50.78407294179726961 ) ) ;
#1414 = ORIENTED_EDGE ( 'NONE', *, *, #2071, .F. ) ;
#1415 = DIRECTION ( 'NONE',  ( -0.9999995219323656315, 0.0009778215789009807833, 0.000000000000000000 ) ) ;
#1416 = DIRECTION ( 'NONE',  ( -0.000000000000000000, -0.000000000000000000, -1.000000000000000000 ) ) ;
#1417 = ORIENTED_EDGE ( 'NONE', *, *, #2530, .T. ) ;
#1418 = EDGE_CURVE ( 'NONE', #960, #1995, #22, .T. ) ;
#1419 = EDGE_CURVE ( 'NONE', #1632, #1359, #2153, .T. ) ;
#1420 = CARTESIAN_POINT ( 'NONE',  ( -21.93904495809000110, 12.85172720345399888, 50.78407294179726961 ) ) ;
#1421 = LINE ( 'NONE', #989, #491 ) ;
#1422 = ORIENTED_EDGE ( 'NONE', *, *, #822, .T. ) ;
#1423 = CARTESIAN_POINT ( 'NONE',  ( -47.00908045588099782, 60.02641605283200477, -4.000000000000000000 ) ) ;
#1424 = ORIENTED_EDGE ( 'NONE', *, *, #1267, .F. ) ;
#1425 = LINE ( 'NONE', #1389, #805 ) ;
#1426 = CARTESIAN_POINT ( 'NONE',  ( -66.88442943233452809, 60.02641605283200477, -6.000000000000000000 ) ) ;
#1427 = CARTESIAN_POINT ( 'NONE',  ( -18.34900336598806447, 13.30403860807700944, -6.000000000000002665 ) ) ;
#1428 = VECTOR ( 'NONE', #1521, 1000.000000000000000 ) ;
#1429 = ORIENTED_EDGE ( 'NONE', *, *, #29, .F. ) ;
#1430 = CIRCLE ( 'NONE', #226, 2.250000000000001776 ) ;
#1431 = DIRECTION ( 'NONE',  ( -1.000000000000000000, 0.000000000000000000, 0.000000000000000000 ) ) ;
#1432 = DIRECTION ( 'NONE',  ( 0.0009778264626238704176, 0.9999995219275902292, 0.000000000000000000 ) ) ;
#1433 = EDGE_CURVE ( 'NONE', #2687, #1552, #1111, .T. ) ;
#1434 = EDGE_CURVE ( 'NONE', #615, #2241, #2026, .T. ) ;
#1435 = VECTOR ( 'NONE', #1724, 1000.000000000000000 ) ;
#1436 = ORIENTED_EDGE ( 'NONE', *, *, #268, .F. ) ;
#1437 = AXIS2_PLACEMENT_3D ( 'NONE', #1322, #2533, #250 ) ;
#1438 = ADVANCED_FACE ( 'NONE', ( #736 ), #306, .F. ) ;
#1439 = VERTEX_POINT ( 'NONE', #1153 ) ;
#1440 = AXIS2_PLACEMENT_3D ( 'NONE', #610, #395, #1904 ) ;
#1441 = FACE_OUTER_BOUND ( 'NONE', #1604, .T. ) ;
#1442 = VERTEX_POINT ( 'NONE', #1170 ) ;
#1443 = LINE ( 'NONE', #155, #860 ) ;
#1444 = VERTEX_POINT ( 'NONE', #116 ) ;
#1445 = DIRECTION ( 'NONE',  ( -0.000000000000000000, -0.000000000000000000, 1.000000000000000000 ) ) ;
#1446 = DIRECTION ( 'NONE',  ( -0.0009778273083380210375, -0.9999995219267632240, 0.000000000000000000 ) ) ;
#1447 = ORIENTED_EDGE ( 'NONE', *, *, #103, .F. ) ;
#1448 = DIRECTION ( 'NONE',  ( 0.000000000000000000, 0.000000000000000000, 1.000000000000000000 ) ) ;
#1449 = EDGE_CURVE ( 'NONE', #775, #2076, #2141, .T. ) ;
#1450 = DIRECTION ( 'NONE',  ( 1.000000000000000000, 0.000000000000000000, 0.000000000000000000 ) ) ;
#1451 = ORIENTED_EDGE ( 'NONE', *, *, #2689, .F. ) ;
#1452 = ADVANCED_FACE ( 'NONE', ( #2202 ), #2649, .T. ) ;
#1453 = ADVANCED_FACE ( 'NONE', ( #2191 ), #282, .T. ) ;
#1454 = LINE ( 'NONE', #330, #1483 ) ;
#1455 = VERTEX_POINT ( 'NONE', #748 ) ;
#1456 = CARTESIAN_POINT ( 'NONE',  ( -49.43908432816851217, 12.85172720187683915, 50.78407294179726961 ) ) ;
#1457 = ORIENTED_EDGE ( 'NONE', *, *, #1639, .T. ) ;
#1458 = DIRECTION ( 'NONE',  ( 1.000000000000000000, 0.000000000000000000, -0.000000000000000000 ) ) ;
#1459 = PERSON_AND_ORGANIZATION_ROLE ( 'classification_officer' ) ;
#1460 = CARTESIAN_POINT ( 'NONE',  ( -65.08442977491444026, 57.99043336326634801, -5.400000000000000355 ) ) ;
#1461 = ORIENTED_EDGE ( 'NONE', *, *, #68, .F. ) ;
#1462 = LINE ( 'NONE', #1254, #1915 ) ;
#1463 = DIRECTION ( 'NONE',  ( 1.000000000000000000, 0.000000000000000000, 0.000000000000000000 ) ) ;
#1464 = ORIENTED_EDGE ( 'NONE', *, *, #1056, .F. ) ;
#1465 = CARTESIAN_POINT ( 'NONE',  ( -64.46012192024400633, 58.22641605283200050, 50.78407294179726961 ) ) ;
#1466 = VERTEX_POINT ( 'NONE', #1183 ) ;
#1467 = EDGE_CURVE ( 'NONE', #1373, #2632, #628, .T. ) ;
#1468 = DIRECTION ( 'NONE',  ( 0.000000000000000000, 0.000000000000000000, 1.000000000000000000 ) ) ;
#1469 = CARTESIAN_POINT ( 'NONE',  ( -19.75173990347940745, 15.03903225806500110, 50.78407294179726961 ) ) ;
#1470 = ORIENTED_EDGE ( 'NONE', *, *, #2246, .F. ) ;
#1471 = AXIS2_PLACEMENT_3D ( 'NONE', #2305, #1863, #2742 ) ;
#1472 = FACE_OUTER_BOUND ( 'NONE', #1859, .T. ) ;
#1473 = COORDINATED_UNIVERSAL_TIME_OFFSET ( 8, 0, .AHEAD. ) ;
#1474 = VECTOR ( 'NONE', #2357, 1000.000000000000000 ) ;
#1475 = LINE ( 'NONE', #213, #223 ) ;
#1476 = ORIENTED_EDGE ( 'NONE', *, *, #908, .T. ) ;
#1477 = AXIS2_PLACEMENT_3D ( 'NONE', #2500, #411, #2541 ) ;
#1478 = CARTESIAN_POINT ( 'NONE',  ( -24.43908432816851573, 12.85172720345399888, -5.400000000000000355 ) ) ;
#1479 = AXIS2_PLACEMENT_3D ( 'NONE', #1224, #1884, #591 ) ;
#1480 = ORIENTED_EDGE ( 'NONE', *, *, #475, .T. ) ;
#1481 = VECTOR ( 'NONE', #1279, 999.9999999999998863 ) ;
#1482 = DIRECTION ( 'NONE',  ( 0.000000000000000000, 0.000000000000000000, -1.000000000000000000 ) ) ;
#1483 = VECTOR ( 'NONE', #2079, 1000.000000000000000 ) ;
#1484 = EDGE_LOOP ( 'NONE', ( #1825, #627, #2058, #731 ) ) ;
#1485 = FACE_OUTER_BOUND ( 'NONE', #738, .T. ) ;
#1486 = CARTESIAN_POINT ( 'NONE',  ( -49.79562883019551833, 58.22641605283200050, 0.6000000000000003109 ) ) ;
#1487 = VECTOR ( 'NONE', #2350, 1000.000000000000000 ) ;
#1488 = DIRECTION ( 'NONE',  ( 0.000000000000000000, 0.000000000000000000, 1.000000000000000000 ) ) ;
#1489 = EDGE_CURVE ( 'NONE', #2161, #584, #1829, .T. ) ;
#1490 = ORIENTED_EDGE ( 'NONE', *, *, #1785, .T. ) ;
#1491 = FACE_OUTER_BOUND ( 'NONE', #2344, .T. ) ;
#1492 = EDGE_CURVE ( 'NONE', #1993, #32, #1140, .T. ) ;
#1493 = APPROVAL_DATE_TIME ( #1038, #2494 ) ;
#1494 = DIRECTION ( 'NONE',  ( -0.000000000000000000, -0.000000000000000000, 1.000000000000000000 ) ) ;
#1495 = ORIENTED_EDGE ( 'NONE', *, *, #1507, .T. ) ;
#1496 = DIRECTION ( 'NONE',  ( -1.000000000000000000, 0.000000000000000000, 0.000000000000000000 ) ) ;
#1497 = VERTEX_POINT ( 'NONE', #1832 ) ;
#1498 = CARTESIAN_POINT ( 'NONE',  ( -49.43908432816848375, 11.05172720345416160, -1.999999999999994449 ) ) ;
#1499 = ORIENTED_EDGE ( 'NONE', *, *, #1143, .T. ) ;
#1500 = CARTESIAN_POINT ( 'NONE',  ( -48.69710439420900627, 58.22641605283200050, -5.400000000000000355 ) ) ;
#1501 = CARTESIAN_POINT ( 'NONE',  ( -19.75173990347982667, 25.30403860807699346, -5.400000000000000355 ) ) ;
#1502 = VERTEX_POINT ( 'NONE', #2233 ) ;
#1503 = DIRECTION ( 'NONE',  ( -0.0009778318102330516275, -0.9999995219223611898, -0.000000000000000000 ) ) ;
#1504 = DIRECTION ( 'NONE',  ( -1.000000000000000000, 0.000000000000000000, 0.000000000000000000 ) ) ;
#1505 = VERTEX_POINT ( 'NONE', #2414 ) ;
#1506 = EDGE_CURVE ( 'NONE', #60, #734, #1364, .T. ) ;
#1507 = EDGE_CURVE ( 'NONE', #1022, #297, #972, .T. ) ;
#1508 = FACE_OUTER_BOUND ( 'NONE', #1957, .T. ) ;
#1509 = DIRECTION ( 'NONE',  ( -0.000000000000000000, -1.000000000000000000, -0.000000000000000000 ) ) ;
#1510 = ORIENTED_EDGE ( 'NONE', *, *, #2038, .T. ) ;
#1511 = CARTESIAN_POINT ( 'NONE',  ( -47.00908045588099782, 60.02641605283200477, 2.000000000000000000 ) ) ;
#1512 = ORIENTED_EDGE ( 'NONE', *, *, #461, .F. ) ;
#1513 = DIRECTION ( 'NONE',  ( -0.000000000000000000, -0.000000000000000000, -1.000000000000000000 ) ) ;
#1514 = ORIENTED_EDGE ( 'NONE', *, *, #2084, .T. ) ;
#1515 = LINE ( 'NONE', #637, #1169 ) ;
#1516 = DIRECTION ( 'NONE',  ( 0.000000000000000000, -0.000000000000000000, -1.000000000000000000 ) ) ;
#1517 = VERTEX_POINT ( 'NONE', #76 ) ;
#1518 = AXIS2_PLACEMENT_3D ( 'NONE', #1272, #190, #1450 ) ;
#1519 = CARTESIAN_POINT ( 'NONE',  ( -58.55864635623051129, 58.22641605283200050, -1.499999999999999778 ) ) ;
#1520 = EDGE_CURVE ( 'NONE', #1439, #1941, #1770, .T. ) ;
#1521 = DIRECTION ( 'NONE',  ( -1.419301182456306170E-15, 1.000000000000000000, 0.000000000000000000 ) ) ;
#1522 = ORIENTED_EDGE ( 'NONE', *, *, #1635, .T. ) ;
#1523 = CIRCLE ( 'NONE', #397, 3.987304954461014184 ) ;
#1524 = CARTESIAN_POINT ( 'NONE',  ( -18.34900336598806447, 13.30403860807700589, -6.000000000000000000 ) ) ;
#1525 = VERTEX_POINT ( 'NONE', #721 ) ;
#1526 = PLANE ( 'NONE',  #1437 ) ;
#1527 = VECTOR ( 'NONE', #1607, 1000.000000000000000 ) ;
#1528 = ORIENTED_EDGE ( 'NONE', *, *, #1979, .F. ) ;
#1529 = AXIS2_PLACEMENT_3D ( 'NONE', #1413, #1401, #1005 ) ;
#1530 = FACE_OUTER_BOUND ( 'NONE', #2502, .T. ) ;
#1531 = CARTESIAN_POINT ( 'NONE',  ( -18.45173990348000004, 37.52641605283200477, -6.000000000000000000 ) ) ;
#1532 = ORIENTED_EDGE ( 'NONE', *, *, #2634, .T. ) ;
#1533 = LINE ( 'NONE', #233, #2626 ) ;
#1534 = LINE ( 'NONE', #65, #443 ) ;
#1535 = ORIENTED_EDGE ( 'NONE', *, *, #2209, .T. ) ;
#1536 =( NAMED_UNIT ( * ) SI_UNIT ( $, .STERADIAN. ) SOLID_ANGLE_UNIT ( ) );
#1537 = ORIENTED_EDGE ( 'NONE', *, *, #926, .F. ) ;
#1538 = ADVANCED_FACE ( 'NONE', ( #1996 ), #1814, .F. ) ;
#1539 = EDGE_CURVE ( 'NONE', #928, #39, #1789, .T. ) ;
#1540 = CARTESIAN_POINT ( 'NONE',  ( -18.45173990348000004, 45.02641605283200477, 8.500000000000005329 ) ) ;
#1541 = ORIENTED_EDGE ( 'NONE', *, *, #287, .F. ) ;
#1542 = DIRECTION ( 'NONE',  ( 0.000000000000000000, 0.000000000000000000, -1.000000000000000000 ) ) ;
#1543 = CARTESIAN_POINT ( 'NONE',  ( -18.45173990348000004, 37.52641605283200477, 8.500000000000005329 ) ) ;
#1544 = ORIENTED_EDGE ( 'NONE', *, *, #735, .F. ) ;
#1545 = DIRECTION ( 'NONE',  ( 0.000000000000000000, 0.000000000000000000, 1.000000000000000000 ) ) ;
#1546 = FACE_OUTER_BOUND ( 'NONE', #2000, .T. ) ;
#1547 = VERTEX_POINT ( 'NONE', #804 ) ;
#1548 = LINE ( 'NONE', #195, #583 ) ;
#1549 = ORIENTED_EDGE ( 'NONE', *, *, #665, .T. ) ;
#1550 = DIRECTION ( 'NONE',  ( -1.000000000000000000, -0.000000000000000000, -2.054095295921832234E-16 ) ) ;
#1551 = EDGE_CURVE ( 'NONE', #843, #1154, #1236, .T. ) ;
#1552 = VERTEX_POINT ( 'NONE', #1679 ) ;
#1553 = CARTESIAN_POINT ( 'NONE',  ( -66.88442960059718700, 59.02641622109469921, -6.000000000000000000 ) ) ;
#1554 = CARTESIAN_POINT ( 'NONE',  ( -20.80905505583099924, 57.02641605283200477, 2.000000000000000000 ) ) ;
#1555 = VERTEX_POINT ( 'NONE', #1037 ) ;
#1556 = CARTESIAN_POINT ( 'NONE',  ( -62.93912369824698771, 12.05172727856649217, -6.009999999999999787 ) ) ;
#1557 = LINE ( 'NONE', #2622, #1343 ) ;
#1558 = VECTOR ( 'NONE', #1044, 1000.000000000000000 ) ;
#1559 = DIRECTION ( 'NONE',  ( -0.000000000000000000, -0.000000000000000000, 1.000000000000000000 ) ) ;
#1560 = DIRECTION ( 'NONE',  ( 0.000000000000000000, -0.000000000000000000, 1.000000000000000000 ) ) ;
#1561 = VECTOR ( 'NONE', #691, 1000.000000000000000 ) ;
#1562 = VERTEX_POINT ( 'NONE', #186 ) ;
#1563 = VECTOR ( 'NONE', #2518, 1000.000000000000114 ) ;
#1564 = DIRECTION ( 'NONE',  ( -0.000000000000000000, -0.000000000000000000, 1.000000000000000000 ) ) ;
#1565 = VECTOR ( 'NONE', #325, 1000.000000000000000 ) ;
#1566 = ORIENTED_EDGE ( 'NONE', *, *, #1924, .T. ) ;
#1567 = ADVANCED_FACE ( 'NONE', ( #2052 ), #2521, .F. ) ;
#1568 = VECTOR ( 'NONE', #503, 1000.000000000000000 ) ;
#1569 = CARTESIAN_POINT ( 'NONE',  ( -35.43908432816851928, 12.85172720345399888, -5.400000000000000355 ) ) ;
#1570 = FACE_OUTER_BOUND ( 'NONE', #514, .T. ) ;
#1571 = AXIS2_PLACEMENT_3D ( 'NONE', #1861, #570, #2712 ) ;
#1572 = EDGE_CURVE ( 'NONE', #593, #1141, #791, .T. ) ;
#1573 = CARTESIAN_POINT ( 'NONE',  ( -62.93912369824698771, 15.03903225806500110, -6.000000000000000000 ) ) ;
#1574 = PLANE ( 'NONE',  #488 ) ;
#1575 = ORIENTED_EDGE ( 'NONE', *, *, #1130, .T. ) ;
#1576 = CARTESIAN_POINT ( 'NONE',  ( -20.80905505583099924, 60.02641605283200477, -5.400000000000000355 ) ) ;
#1577 = CARTESIAN_POINT ( 'NONE',  ( -17.95173990348000004, 44.49450644730890048, 2.000000000000000000 ) ) ;
#1578 = ORIENTED_EDGE ( 'NONE', *, *, #1216, .T. ) ;
#1579 = CARTESIAN_POINT ( 'NONE',  ( -47.00908045588099782, 58.22641605283200050, 1.000000000000000888 ) ) ;
#1580 = ORIENTED_EDGE ( 'NONE', *, *, #1194, .F. ) ;
#1581 = CARTESIAN_POINT ( 'NONE',  ( -35.43908432816851928, 13.05172720345433390, -2.000000000000019540 ) ) ;
#1582 = FACE_OUTER_BOUND ( 'NONE', #66, .T. ) ;
#1583 = VERTEX_POINT ( 'NONE', #2064 ) ;
#1584 = DIRECTION ( 'NONE',  ( -0.000000000000000000, 1.807003620809174632E-16, -1.000000000000000000 ) ) ;
#1585 = DIRECTION ( 'NONE',  ( -1.000000000000000000, 0.000000000000000000, 0.000000000000000000 ) ) ;
#1586 = ADVANCED_FACE ( 'NONE', ( #1210, #157 ), #1051, .F. ) ;
#1587 = CARTESIAN_POINT ( 'NONE',  ( -62.93912369824698771, 15.03903225806500110, 2.000000000000000000 ) ) ;
#1588 = DIRECTION ( 'NONE',  ( 0.000000000000000000, -1.000000000000000000, -1.807003620809174385E-16 ) ) ;
#1589 = VERTEX_POINT ( 'NONE', #616 ) ;
#1590 = CARTESIAN_POINT ( 'NONE',  ( -47.00908045588099782, 58.22641605283200050, -5.400000000000000355 ) ) ;
#1591 = UNCERTAINTY_MEASURE_WITH_UNIT (LENGTH_MEASURE( 1.000000000000000082E-05 ), #686, 'distance_accuracy_value', 'NONE');
#1592 = ORIENTED_EDGE ( 'NONE', *, *, #2245, .T. ) ;
#1593 = DIRECTION ( 'NONE',  ( 0.000000000000000000, 0.000000000000000000, -1.000000000000000000 ) ) ;
#1594 = DIRECTION ( 'NONE',  ( 1.000000000000000000, 0.000000000000000000, 0.000000000000000000 ) ) ;
#1595 = ORIENTED_EDGE ( 'NONE', *, *, #2309, .T. ) ;
#1596 = CARTESIAN_POINT ( 'NONE',  ( -28.95173990348000004, 25.30403860807700056, -1.550000000000000933 ) ) ;
#1597 = DIRECTION ( 'NONE',  ( 1.000000000000000000, 1.226997175350663321E-14, -0.000000000000000000 ) ) ;
#1598 = EDGE_CURVE ( 'NONE', #1113, #1887, #844, .T. ) ;
#1599 = AXIS2_PLACEMENT_3D ( 'NONE', #23, #1070, #235 ) ;
#1600 = ORIENTED_EDGE ( 'NONE', *, *, #2602, .T. ) ;
#1601 = EDGE_CURVE ( 'NONE', #2687, #2117, #1248, .T. ) ;
#1602 = AXIS2_PLACEMENT_3D ( 'NONE', #2726, #2512, #1463 ) ;
#1603 = LINE ( 'NONE', #544, #273 ) ;
#1604 = EDGE_LOOP ( 'NONE', ( #373, #1537, #2318, #1327 ) ) ;
#1605 = AXIS2_PLACEMENT_3D ( 'NONE', #2235, #1409, #1626 ) ;
#1606 = DIRECTION ( 'NONE',  ( -1.000000000000000000, 0.000000000000000000, 0.000000000000000000 ) ) ;
#1607 = DIRECTION ( 'NONE',  ( 0.000000000000000000, 1.000000000000000000, 0.000000000000000000 ) ) ;
#1608 = CIRCLE ( 'NONE', #2180, 2.187305054610698463 ) ;
#1609 = ORIENTED_EDGE ( 'NONE', *, *, #474, .T. ) ;
#1610 = VECTOR ( 'NONE', #1934, 1000.000000000000000 ) ;
#1611 = DIRECTION ( 'NONE',  ( 1.000000000000000000, 0.000000000000000000, -0.000000000000000000 ) ) ;
#1612 = FACE_OUTER_BOUND ( 'NONE', #1328, .T. ) ;
#1613 = CIRCLE ( 'NONE', #139, 2.187305054610594546 ) ;
#1614 = AXIS2_PLACEMENT_3D ( 'NONE', #812, #2280, #370 ) ;
#1615 = CARTESIAN_POINT ( 'NONE',  ( -42.35996951993899984, 27.92494030988099851, 1.000000000000000000 ) ) ;
#1616 = PERSON_AND_ORGANIZATION ( #520, #2323 ) ;
#1617 = ORIENTED_EDGE ( 'NONE', *, *, #103, .T. ) ;
#1618 = CARTESIAN_POINT ( 'NONE',  ( -20.80905505583099924, 56.97641605283200761, 1.000000000000000000 ) ) ;
#1619 = ORIENTED_EDGE ( 'NONE', *, *, #319, .F. ) ;
#1620 = ADVANCED_FACE ( 'NONE', ( #1857 ), #145, .F. ) ;
#1621 = ADVANCED_FACE ( 'NONE', ( #1472 ), #1000, .F. ) ;
#1622 = DIRECTION ( 'NONE',  ( 1.076485424009677411E-14, -1.000000000000000000, 0.000000000000000000 ) ) ;
#1623 = PLANE ( 'NONE',  #2008 ) ;
#1624 = VERTEX_POINT ( 'NONE', #2272 ) ;
#1625 = DIRECTION ( 'NONE',  ( 1.000000000000000000, 0.000000000000000000, 0.000000000000000000 ) ) ;
#1626 = DIRECTION ( 'NONE',  ( -1.226997175350663321E-14, 1.000000000000000000, -7.006492321624085355E-46 ) ) ;
#1627 = ORIENTED_EDGE ( 'NONE', *, *, #1163, .T. ) ;
#1628 = CARTESIAN_POINT ( 'NONE',  ( -18.45173990348000004, 45.02641605283200477, 6.938893903907227589E-15 ) ) ;
#1629 = PERSON_AND_ORGANIZATION ( #520, #2323 ) ;
#1630 = ORIENTED_EDGE ( 'NONE', *, *, #1868, .F. ) ;
#1631 = CARTESIAN_POINT ( 'NONE',  ( -54.70972821945600373, 59.02641605283199766, -1.500000000000000000 ) ) ;
#1632 = VERTEX_POINT ( 'NONE', #831 ) ;
#1633 = CARTESIAN_POINT ( 'NONE',  ( -63.25094131478952164, 59.02641605283199766, 0.6000000000000003109 ) ) ;
#1634 = DIRECTION ( 'NONE',  ( -1.000000000000000000, 0.000000000000000000, -2.054095295921832234E-16 ) ) ;
#1635 = EDGE_CURVE ( 'NONE', #635, #1877, #2315, .T. ) ;
#1636 = EDGE_CURVE ( 'NONE', #569, #396, #2285, .T. ) ;
#1637 = ORIENTED_EDGE ( 'NONE', *, *, #1707, .T. ) ;
#1638 = DIRECTION ( 'NONE',  ( 1.000000000000000000, 0.000000000000000000, 0.000000000000000000 ) ) ;
#1639 = EDGE_CURVE ( 'NONE', #2018, #564, #2481, .T. ) ;
#1640 = DIRECTION ( 'NONE',  ( 0.000000000000000000, 0.000000000000000000, 1.000000000000000000 ) ) ;
#1641 = EDGE_LOOP ( 'NONE', ( #58, #692, #331, #828 ) ) ;
#1642 = DIRECTION ( 'NONE',  ( 1.000000000000000000, 0.000000000000000000, -0.000000000000000000 ) ) ;
#1643 = ORIENTED_EDGE ( 'NONE', *, *, #2176, .T. ) ;
#1644 = DIRECTION ( 'NONE',  ( 6.476300976980080082E-15, -1.000000000000000000, 0.000000000000000000 ) ) ;
#1645 = VERTEX_POINT ( 'NONE', #565 ) ;
#1646 = AXIS2_PLACEMENT_3D ( 'NONE', #997, #2254, #2007 ) ;
#1647 = DIRECTION ( 'NONE',  ( 0.000000000000000000, -1.000000000000000000, 0.000000000000000000 ) ) ;
#1648 = DIRECTION ( 'NONE',  ( 0.000000000000000000, 0.000000000000000000, 1.000000000000000000 ) ) ;
#1649 = ORIENTED_EDGE ( 'NONE', *, *, #2278, .T. ) ;
#1650 = EDGE_CURVE ( 'NONE', #734, #1901, #576, .T. ) ;
#1651 = VECTOR ( 'NONE', #1774, 1000.000000000000000 ) ;
#1652 = CARTESIAN_POINT ( 'NONE',  ( -20.80905505583099924, 58.22641605283200761, 0.000000000000000000 ) ) ;
#1653 = DIRECTION ( 'NONE',  ( -1.000000000000000000, 0.000000000000000000, 0.000000000000000000 ) ) ;
#1654 = VECTOR ( 'NONE', #1691, 1000.000000000000000 ) ;
#1655 = ORIENTED_EDGE ( 'NONE', *, *, #283, .F. ) ;
#1656 = ADVANCED_FACE ( 'NONE', ( #346 ), #1665, .F. ) ;
#1657 = EDGE_CURVE ( 'NONE', #1373, #13, #1870, .T. ) ;
#1658 = DIRECTION ( 'NONE',  ( 1.000000000000000000, 0.000000000000000000, 0.000000000000000000 ) ) ;
#1659 = ORIENTED_EDGE ( 'NONE', *, *, #1902, .F. ) ;
#1660 = VECTOR ( 'NONE', #785, 1000.000000000000000 ) ;
#1661 = DIRECTION ( 'NONE',  ( -0.000000000000000000, -0.000000000000000000, -1.000000000000000000 ) ) ;
#1662 = ORIENTED_EDGE ( 'NONE', *, *, #1489, .T. ) ;
#1663 = CARTESIAN_POINT ( 'NONE',  ( -21.93904495809000110, 12.05172720345481352, -1.550000000000003153 ) ) ;
#1664 = VERTEX_POINT ( 'NONE', #2296 ) ;
#1665 = PLANE ( 'NONE',  #678 ) ;
#1666 = DIRECTION ( 'NONE',  ( -1.000000000000000000, 0.000000000000000000, 0.000000000000000000 ) ) ;
#1667 = VERTEX_POINT ( 'NONE', #1709 ) ;
#1668 = CARTESIAN_POINT ( 'NONE',  ( -63.25094131478952164, 60.02641605283200477, 0.6000000000000003109 ) ) ;
#1669 = EDGE_CURVE ( 'NONE', #2197, #1632, #1748, .T. ) ;
#1670 = LINE ( 'NONE', #1917, #2754 ) ;
#1671 = EDGE_CURVE ( 'NONE', #1552, #1830, #1108, .T. ) ;
#1672 = VERTEX_POINT ( 'NONE', #4 ) ;
#1673 = LINE ( 'NONE', #796, #545 ) ;
#1674 = ORIENTED_EDGE ( 'NONE', *, *, #299, .F. ) ;
#1675 = LINE ( 'NONE', #629, #1250 ) ;
#1676 = CARTESIAN_POINT ( 'NONE',  ( -21.93904495809000110, 15.03903225806500110, 0.000000000000000000 ) ) ;
#1677 = DIRECTION ( 'NONE',  ( -1.000000000000000000, 0.000000000000000000, 0.000000000000000000 ) ) ;
#1678 = EDGE_LOOP ( 'NONE', ( #1541, #2175, #2745, #1168 ) ) ;
#1679 = CARTESIAN_POINT ( 'NONE',  ( -64.08542083027552394, 56.97641605283200761, 1.000000000000000000 ) ) ;
#1680 = LINE ( 'NONE', #652, #264 ) ;
#1681 = LINE ( 'NONE', #390, #1869 ) ;
#1682 = CARTESIAN_POINT ( 'NONE',  ( -48.73997948944870728, 60.02641605283200477, -1.500000000000000000 ) ) ;
#1683 = VERTEX_POINT ( 'NONE', #2355 ) ;
#1684 = ADVANCED_FACE ( 'NONE', ( #1065 ), #30, .T. ) ;
#1685 = CARTESIAN_POINT ( 'NONE',  ( -64.12642901655891592, 15.03856309166686600, 0.000000000000000000 ) ) ;
#1686 = EDGE_LOOP ( 'NONE', ( #1929, #1522, #885, #2504 ) ) ;
#1687 = CARTESIAN_POINT ( 'NONE',  ( -18.95173990347987569, 15.03903225806512545, -6.000000000000000000 ) ) ;
#1688 = FACE_OUTER_BOUND ( 'NONE', #2475, .T. ) ;
#1689 = ORIENTED_EDGE ( 'NONE', *, *, #2515, .T. ) ;
#1690 = VECTOR ( 'NONE', #1711, 1000.000000000000000 ) ;
#1691 = DIRECTION ( 'NONE',  ( 0.000000000000000000, 0.000000000000000000, 1.000000000000000000 ) ) ;
#1692 = CALENDAR_DATE ( 2026, 15, 8 ) ;
#1693 = AXIS2_PLACEMENT_3D ( 'NONE', #1771, #496, #77 ) ;
#1694 = CYLINDRICAL_SURFACE ( 'NONE', #2711, 2.187305052147786810 ) ;
#1695 = LINE ( 'NONE', #214, #711 ) ;
#1696 = AXIS2_PLACEMENT_3D ( 'NONE', #1888, #8, #1960 ) ;
#1697 = LINE ( 'NONE', #2319, #48 ) ;
#1698 = LINE ( 'NONE', #2124, #40 ) ;
#1699 = VECTOR ( 'NONE', #693, 1000.000000000000000 ) ;
#1700 = AXIS2_PLACEMENT_3D ( 'NONE', #2009, #1994, #959 ) ;
#1701 = DIRECTION ( 'NONE',  ( -0.000000000000000000, -0.000000000000000000, -1.000000000000000000 ) ) ;
#1702 = VECTOR ( 'NONE', #2059, 1000.000000000000000 ) ;
#1703 = ORIENTED_EDGE ( 'NONE', *, *, #1943, .T. ) ;
#1704 = CARTESIAN_POINT ( 'NONE',  ( -44.60996951993899984, 27.92494030988099851, 0.000000000000000000 ) ) ;
#1705 = CARTESIAN_POINT ( 'NONE',  ( -65.92642861395907516, 15.03951341262441233, -6.009999999999999787 ) ) ;
#1706 = EDGE_CURVE ( 'NONE', #27, #2418, #2118, .T. ) ;
#1707 = EDGE_CURVE ( 'NONE', #1316, #484, #19, .T. ) ;
#1708 = ORIENTED_EDGE ( 'NONE', *, *, #772, .F. ) ;
#1709 = CARTESIAN_POINT ( 'NONE',  ( -35.43908432816849086, 11.05172720345433390, -6.000000000000000000 ) ) ;
#1710 = DIRECTION ( 'NONE',  ( 1.000000000000000000, 5.576798466548150274E-14, 0.000000000000000000 ) ) ;
#1711 = DIRECTION ( 'NONE',  ( 1.000000000000000000, 0.000000000000000000, 0.000000000000000000 ) ) ;
#1712 = DIRECTION ( 'NONE',  ( 7.922334622340056724E-15, -1.000000000000000000, 0.000000000000000000 ) ) ;
#1713 = CARTESIAN_POINT ( 'NONE',  ( -50.23908432816850222, 13.85172720345420316, 0.000000000000000000 ) ) ;
#1714 = CARTESIAN_POINT ( 'NONE',  ( -20.80905505583099924, 57.02641605283200477, 1.000000000000000000 ) ) ;
#1715 = ORIENTED_EDGE ( 'NONE', *, *, #2246, .T. ) ;
#1716 = DIRECTION ( 'NONE',  ( -1.000000000000000000, 0.000000000000000000, 0.000000000000000000 ) ) ;
#1717 = CARTESIAN_POINT ( 'NONE',  ( -65.12642875039477985, 15.03903225806500110, 50.78407294179726961 ) ) ;
#1718 = ORIENTED_EDGE ( 'NONE', *, *, #166, .T. ) ;
#1719 = EDGE_CURVE ( 'NONE', #1141, #1873, #2372, .T. ) ;
#1720 = LINE ( 'NONE', #433, #493 ) ;
#1721 = DIRECTION ( 'NONE',  ( -0.9999999999999859002, 1.682626982675256344E-07, 0.000000000000000000 ) ) ;
#1722 = ORIENTED_EDGE ( 'NONE', *, *, #184, .T. ) ;
#1723 = EDGE_CURVE ( 'NONE', #1729, #2239, #1515, .T. ) ;
#1724 = DIRECTION ( 'NONE',  ( -0.000000000000000000, -0.000000000000000000, 1.000000000000000000 ) ) ;
#1725 = LINE ( 'NONE', #1478, #1821 ) ;
#1726 = ORIENTED_EDGE ( 'NONE', *, *, #609, .F. ) ;
#1727 = DIRECTION ( 'NONE',  ( 1.682627014525497223E-07, 0.9999999999999857891, 0.000000000000000000 ) ) ;
#1728 = DIRECTION ( 'NONE',  ( 0.000000000000000000, 0.000000000000000000, 1.000000000000000000 ) ) ;
#1729 = VERTEX_POINT ( 'NONE', #886 ) ;
#1730 = DIRECTION ( 'NONE',  ( -0.000000000000000000, 2.312964634635743450E-15, 1.000000000000000000 ) ) ;
#1731 = DIRECTION ( 'NONE',  ( 0.000000000000000000, 1.734723475976807883E-15, -1.000000000000000000 ) ) ;
#1732 = EDGE_CURVE ( 'NONE', #1946, #666, #465, .T. ) ;
#1733 = ORIENTED_EDGE ( 'NONE', *, *, #1321, .F. ) ;
#1734 = CARTESIAN_POINT ( 'NONE',  ( -65.08442973520735109, 58.22641605283200050, 0.000000000000000000 ) ) ;
#1735 = FACE_OUTER_BOUND ( 'NONE', #826, .T. ) ;
#1736 = EDGE_CURVE ( 'NONE', #873, #1525, #1336, .T. ) ;
#1737 = ADVANCED_FACE ( 'NONE', ( #1491 ), #2162, .F. ) ;
#1738 = CIRCLE ( 'NONE', #807, 0.8000000000000020428 ) ;
#1739 = ORIENTED_EDGE ( 'NONE', *, *, #2737, .T. ) ;
#1740 = VECTOR ( 'NONE', #1213, 1000.000000000000000 ) ;
#1741 = FACE_OUTER_BOUND ( 'NONE', #2137, .T. ) ;
#1742 = ORIENTED_EDGE ( 'NONE', *, *, #990, .T. ) ;
#1743 = VECTOR ( 'NONE', #1896, 1000.000000000000000 ) ;
#1744 = CARTESIAN_POINT ( 'NONE',  ( -65.92642863899656902, 15.03951341262844643, -6.000000000000000000 ) ) ;
#1745 = AXIS2_PLACEMENT_3D ( 'NONE', #602, #1853, #344 ) ;
#1746 = VERTEX_POINT ( 'NONE', #2150 ) ;
#1747 = VECTOR ( 'NONE', #1136, 1000.000000000000000 ) ;
#1748 = LINE ( 'NONE', #1970, #903 ) ;
#1749 = CARTESIAN_POINT ( 'NONE',  ( -55.69710439420899917, 60.02641605283200477, -5.400000000000000355 ) ) ;
#1750 = DIRECTION ( 'NONE',  ( 1.000000000000000000, 0.000000000000000000, 0.000000000000000000 ) ) ;
#1751 = DIRECTION ( 'NONE',  ( 1.000000000000000000, 1.226997175350663321E-14, -0.000000000000000000 ) ) ;
#1752 = ORIENTED_EDGE ( 'NONE', *, *, #2071, .T. ) ;
#1753 = EDGE_CURVE ( 'NONE', #1299, #1208, #243, .T. ) ;
#1754 = EDGE_CURVE ( 'NONE', #593, #1777, #1720, .T. ) ;
#1755 = EDGE_LOOP ( 'NONE', ( #25, #933, #1011, #2434 ) ) ;
#1756 = DIRECTION ( 'NONE',  ( 1.000000000000000000, 0.000000000000000000, 0.000000000000000000 ) ) ;
#1757 = VERTEX_POINT ( 'NONE', #211 ) ;
#1758 = CARTESIAN_POINT ( 'NONE',  ( -63.25094131478952164, 60.02641605283200477, 0.6000000000000003109 ) ) ;
#1759 = PLANE ( 'NONE',  #2306 ) ;
#1760 = CARTESIAN_POINT ( 'NONE',  ( -58.55864635623051129, 59.02641605283199766, -1.499999999999999778 ) ) ;
#1761 = PLANE ( 'NONE',  #392 ) ;
#1762 = FACE_OUTER_BOUND ( 'NONE', #80, .T. ) ;
#1763 = DIRECTION ( 'NONE',  ( -1.682626982675255814E-07, -0.9999999999999857891, 0.000000000000000000 ) ) ;
#1764 = ORIENTED_EDGE ( 'NONE', *, *, #2090, .F. ) ;
#1765 = EDGE_CURVE ( 'NONE', #104, #1547, #2576, .T. ) ;
#1766 = CARTESIAN_POINT ( 'NONE',  ( -20.75173990347987285, 56.97641605283200761, 0.000000000000000000 ) ) ;
#1767 = ORIENTED_EDGE ( 'NONE', *, *, #2226, .F. ) ;
#1768 = CARTESIAN_POINT ( 'NONE',  ( -20.75173990347987996, 15.03903225806500110, 0.000000000000000000 ) ) ;
#1769 = DIRECTION ( 'NONE',  ( 0.000000000000000000, 0.000000000000000000, -1.000000000000000000 ) ) ;
#1770 = LINE ( 'NONE', #292, #2491 ) ;
#1771 = CARTESIAN_POINT ( 'NONE',  ( -19.75173990347981245, 15.03903225806500110, 50.78407294179726961 ) ) ;
#1772 = ORIENTED_EDGE ( 'NONE', *, *, #2393, .F. ) ;
#1773 = AXIS2_PLACEMENT_3D ( 'NONE', #1633, #1593, #100 ) ;
#1774 = DIRECTION ( 'NONE',  ( -0.000000000000000000, -0.000000000000000000, -1.000000000000000000 ) ) ;
#1775 = LINE ( 'NONE', #2168, #1034 ) ;
#1776 = CIRCLE ( 'NONE', #2398, 3.987305054610250199 ) ;
#1777 = VERTEX_POINT ( 'NONE', #1911 ) ;
#1778 = VECTOR ( 'NONE', #417, 1000.000000000000000 ) ;
#1779 = LINE ( 'NONE', #1148, #1568 ) ;
#1780 = VECTOR ( 'NONE', #2399, 1000.000000000000000 ) ;
#1781 = ORIENTED_EDGE ( 'NONE', *, *, #28, .T. ) ;
#1782 = CARTESIAN_POINT ( 'NONE',  ( -21.93904495808998689, 11.05172720345450088, 2.000000000000000000 ) ) ;
#1783 = VECTOR ( 'NONE', #730, 1000.000000000000000 ) ;
#1784 = CARTESIAN_POINT ( 'NONE',  ( -57.46012192024399212, 58.22641605283200050, -5.400000000000000355 ) ) ;
#1785 = EDGE_CURVE ( 'NONE', #1951, #1176, #679, .T. ) ;
#1786 = ADVANCED_FACE ( 'NONE', ( #1530 ), #2383, .F. ) ;
#1787 = ORIENTED_EDGE ( 'NONE', *, *, #1636, .T. ) ;
#1788 = VECTOR ( 'NONE', #1560, 1000.000000000000000 ) ;
#1789 = LINE ( 'NONE', #2638, #2314 ) ;
#1790 = LOCAL_TIME ( 16, 43, 48.00000000000000000, #187 ) ;
#1791 = CARTESIAN_POINT ( 'NONE',  ( -18.95173990348000004, 60.02641605283200477, -6.000000000000000000 ) ) ;
#1792 = EDGE_LOOP ( 'NONE', ( #2499, #2464, #1135, #539 ) ) ;
#1793 = CARTESIAN_POINT ( 'NONE',  ( -20.85173990347987782, 52.02641605283201187, 1.000000000000000000 ) ) ;
#1794 = CARTESIAN_POINT ( 'NONE',  ( -19.50721673146667356, 13.30403860807730787, -6.000000000000000000 ) ) ;
#1795 = ORIENTED_EDGE ( 'NONE', *, *, #2480, .T. ) ;
#1796 = CARTESIAN_POINT ( 'NONE',  ( -20.75173990347987285, 56.97641605283200761, 1.000000000000000000 ) ) ;
#1797 = ORIENTED_EDGE ( 'NONE', *, *, #366, .F. ) ;
#1798 = DIRECTION ( 'NONE',  ( -1.682627014525497223E-07, -0.9999999999999857891, 0.000000000000000000 ) ) ;
#1799 = CARTESIAN_POINT ( 'NONE',  ( -55.69710439420899917, 58.22641605283200050, -5.400000000000000355 ) ) ;
#1800 = ORIENTED_EDGE ( 'NONE', *, *, #2651, .F. ) ;
#1801 = EDGE_CURVE ( 'NONE', #810, #1905, #1325, .T. ) ;
#1802 = EDGE_CURVE ( 'NONE', #60, #2161, #2537, .T. ) ;
#1803 = DIRECTION ( 'NONE',  ( -2.322793881796140547E-15, -1.000000000000000000, -1.451746176122587842E-16 ) ) ;
#1804 = DIRECTION ( 'NONE',  ( -1.000000000000000000, -1.598126122092735831E-14, 0.000000000000000000 ) ) ;
#1805 = EDGE_LOOP ( 'NONE', ( #571, #527, #706, #21 ) ) ;
#1806 = LINE ( 'NONE', #2442, #1740 ) ;
#1807 = APPROVAL_ROLE ( '' ) ;
#1808 = EDGE_LOOP ( 'NONE', ( #2735, #1417, #713, #1649 ) ) ;
#1809 = LINE ( 'NONE', #2654, #1128 ) ;
#1810 = EDGE_LOOP ( 'NONE', ( #1152, #107, #2328, #1232 ) ) ;
#1811 = DIRECTION ( 'NONE',  ( -2.839452576972512724E-15, 1.000000000000000000, 0.000000000000000000 ) ) ;
#1812 = CARTESIAN_POINT ( 'NONE',  ( -42.35996951993899984, 27.92494030988099851, 0.000000000000000000 ) ) ;
#1813 = ORIENTED_EDGE ( 'NONE', *, *, #17, .F. ) ;
#1814 = PLANE ( 'NONE',  #1918 ) ;
#1815 = LINE ( 'NONE', #1845, #175 ) ;
#1816 = EDGE_LOOP ( 'NONE', ( #1787, #1017, #2558, #1461, #1247, #1643, #1228 ) ) ;
#1817 = LINE ( 'NONE', #767, #90 ) ;
#1818 = DATE_AND_TIME ( #1249, #590 ) ;
#1819 = EDGE_CURVE ( 'NONE', #729, #1455, #1151, .T. ) ;
#1820 = ADVANCED_FACE ( 'NONE', ( #322 ), #518, .T. ) ;
#1821 = VECTOR ( 'NONE', #2321, 1000.000000000000000 ) ;
#1822 = ORIENTED_EDGE ( 'NONE', *, *, #382, .F. ) ;
#1823 = VECTOR ( 'NONE', #1769, 1000.000000000000000 ) ;
#1824 = CARTESIAN_POINT ( 'NONE',  ( -35.43908432816849086, 11.05172720345433390, -2.000000000000019540 ) ) ;
#1825 = ORIENTED_EDGE ( 'NONE', *, *, #2365, .F. ) ;
#1826 = VECTOR ( 'NONE', #224, 1000.000000000000000 ) ;
#1827 = FACE_OUTER_BOUND ( 'NONE', #1484, .T. ) ;
#1828 = CYLINDRICAL_SURFACE ( 'NONE', #1745, 3.987305054610250199 ) ;
#1829 = CIRCLE ( 'NONE', #2317, 2.987304979498506263 ) ;
#1830 = VERTEX_POINT ( 'NONE', #505 ) ;
#1831 = VECTOR ( 'NONE', #2715, 1000.000000000000000 ) ;
#1832 = CARTESIAN_POINT ( 'NONE',  ( -65.08442973520735109, 58.22641605283200050, 0.000000000000000000 ) ) ;
#1833 = CARTESIAN_POINT ( 'NONE',  ( -65.08442977491444026, 57.99043336326634801, 0.000000000000000000 ) ) ;
#1834 = VECTOR ( 'NONE', #2127, 1000.000000000000000 ) ;
#1835 = VERTEX_POINT ( 'NONE', #1192 ) ;
#1836 = LINE ( 'NONE', #1793, #353 ) ;
#1837 = DATE_AND_TIME ( #1692, #550 ) ;
#1838 = ORIENTED_EDGE ( 'NONE', *, *, #1671, .F. ) ;
#1839 = DIRECTION ( 'NONE',  ( 0.000000000000000000, 0.000000000000000000, 1.000000000000000000 ) ) ;
#1840 = ORIENTED_EDGE ( 'NONE', *, *, #2260, .T. ) ;
#1841 = DIRECTION ( 'NONE',  ( -1.000000000000000000, 0.000000000000000000, -0.000000000000000000 ) ) ;
#1842 = DIRECTION ( 'NONE',  ( -0.000000000000000000, 1.000000000000000000, -0.000000000000000000 ) ) ;
#1843 = ORIENTED_EDGE ( 'NONE', *, *, #2566, .T. ) ;
#1844 = CARTESIAN_POINT ( 'NONE',  ( -64.12642901655891592, 15.03856309166686600, 0.000000000000000000 ) ) ;
#1845 = CARTESIAN_POINT ( 'NONE',  ( -65.12642878656963319, 15.03905785648772842, 0.000000000000000000 ) ) ;
#1846 = ORIENTED_EDGE ( 'NONE', *, *, #153, .F. ) ;
#1847 = ORIENTED_EDGE ( 'NONE', *, *, #2688, .T. ) ;
#1848 = FACE_OUTER_BOUND ( 'NONE', #1816, .T. ) ;
#1849 = EDGE_CURVE ( 'NONE', #936, #2239, #2034, .T. ) ;
#1850 = ORIENTED_EDGE ( 'NONE', *, *, #665, .F. ) ;
#1851 = CARTESIAN_POINT ( 'NONE',  ( -57.46012192024399212, 59.02641605283199766, -6.009999999999999787 ) ) ;
#1852 = CARTESIAN_POINT ( 'NONE',  ( 0.000000000000000000, 0.000000000000000000, -5.400000000000000355 ) ) ;
#1853 = DIRECTION ( 'NONE',  ( 0.000000000000000000, 0.000000000000000000, 1.000000000000000000 ) ) ;
#1854 = ADVANCED_FACE ( 'NONE', ( #1582 ), #2635, .T. ) ;
#1855 = EDGE_CURVE ( 'NONE', #472, #1757, #970, .T. ) ;
#1856 = VERTEX_POINT ( 'NONE', #2022 ) ;
#1857 = FACE_OUTER_BOUND ( 'NONE', #241, .T. ) ;
#1858 = LINE ( 'NONE', #618, #674 ) ;
#1859 = EDGE_LOOP ( 'NONE', ( #1726, #1149, #902, #619 ) ) ;
#1860 = ORIENTED_EDGE ( 'NONE', *, *, #1406, .T. ) ;
#1861 = CARTESIAN_POINT ( 'NONE',  ( -48.69710439420900627, 59.02641605283199766, -6.009999999999999787 ) ) ;
#1862 = ORIENTED_EDGE ( 'NONE', *, *, #242, .F. ) ;
#1863 = DIRECTION ( 'NONE',  ( 0.000000000000000000, 0.000000000000000000, -1.000000000000000000 ) ) ;
#1864 = VECTOR ( 'NONE', #426, 1000.000000000000000 ) ;
#1865 = CARTESIAN_POINT ( 'NONE',  ( -17.95173990348000004, 60.02641605283200477, -6.000000000000000000 ) ) ;
#1866 = AXIS2_PLACEMENT_3D ( 'NONE', #694, #2167, #668 ) ;
#1867 = ORIENTED_EDGE ( 'NONE', *, *, #2003, .T. ) ;
#1868 = EDGE_CURVE ( 'NONE', #2358, #2661, #1983, .T. ) ;
#1869 = VECTOR ( 'NONE', #1003, 1000.000000000000000 ) ;
#1870 = LINE ( 'NONE', #2720, #270 ) ;
#1871 = CARTESIAN_POINT ( 'NONE',  ( -18.45173990348000004, 45.02641605283200477, -6.000000000000000000 ) ) ;
#1872 = AXIS2_PLACEMENT_3D ( 'NONE', #363, #2508, #1458 ) ;
#1873 = VERTEX_POINT ( 'NONE', #2657 ) ;
#1874 = LINE ( 'NONE', #1668, #135 ) ;
#1875 = VECTOR ( 'NONE', #2255, 1000.000000000000114 ) ;
#1876 = DIRECTION ( 'NONE',  ( 0.000000000000000000, 0.000000000000000000, -1.000000000000000000 ) ) ;
#1877 = VERTEX_POINT ( 'NONE', #733 ) ;
#1878 = VECTOR ( 'NONE', #236, 1000.000000000000000 ) ;
#1879 = FACE_OUTER_BOUND ( 'NONE', #1132, .T. ) ;
#1880 = EDGE_LOOP ( 'NONE', ( #993, #156, #371, #324, #206, #530, #659, #327, #1275, #2492, #487, #784, #1909, #1376, #1781, #2378, #2275, #2411, #2188, #921, #2729, #1451 ) ) ;
#1881 = DIRECTION ( 'NONE',  ( 0.000000000000000000, 0.000000000000000000, 1.000000000000000000 ) ) ;
#1882 = ORIENTED_EDGE ( 'NONE', *, *, #786, .F. ) ;
#1883 = CC_DESIGN_DATE_AND_TIME_ASSIGNMENT ( #992, #120, ( #911 ) ) ;
#1884 = DIRECTION ( 'NONE',  ( 1.000000000000000000, 0.000000000000000000, -0.000000000000000000 ) ) ;
#1885 = DIRECTION ( 'NONE',  ( -0.000000000000000000, 1.807003620809174632E-16, -1.000000000000000000 ) ) ;
#1886 = EDGE_CURVE ( 'NONE', #996, #37, #74, .T. ) ;
#1887 = VERTEX_POINT ( 'NONE', #101 ) ;
#1888 = CARTESIAN_POINT ( 'NONE',  ( -62.93912369824698771, 15.03903225806500110, 0.000000000000000000 ) ) ;
#1889 = FACE_OUTER_BOUND ( 'NONE', #2289, .T. ) ;
#1890 = ORIENTED_EDGE ( 'NONE', *, *, #2430, .F. ) ;
#1891 = LINE ( 'NONE', #12, #2274 ) ;
#1892 = ORIENTED_EDGE ( 'NONE', *, *, #2024, .F. ) ;
#1893 = DIRECTION ( 'NONE',  ( 1.000000000000000000, 2.391420359832251856E-09, 0.000000000000000000 ) ) ;
#1894 = FACE_OUTER_BOUND ( 'NONE', #1004, .T. ) ;
#1895 = ORIENTED_EDGE ( 'NONE', *, *, #2110, .F. ) ;
#1896 = DIRECTION ( 'NONE',  ( 1.226997175350663321E-14, -1.000000000000000000, 7.006492321624085355E-46 ) ) ;
#1897 = CARTESIAN_POINT ( 'NONE',  ( -21.93904495809000110, 15.03903225806500110, 0.000000000000000000 ) ) ;
#1898 = ORIENTED_EDGE ( 'NONE', *, *, #1706, .F. ) ;
#1899 = DIRECTION ( 'NONE',  ( -0.000000000000000000, 0.000000000000000000, 1.000000000000000000 ) ) ;
#1900 = LINE ( 'NONE', #2097, #620 ) ;
#1901 = VERTEX_POINT ( 'NONE', #291 ) ;
#1902 = EDGE_CURVE ( 'NONE', #698, #2181, #1375, .T. ) ;
#1903 = EDGE_CURVE ( 'NONE', #1505, #511, #2364, .T. ) ;
#1904 = DIRECTION ( 'NONE',  ( 1.000000000000000000, 0.000000000000000000, 0.000000000000000000 ) ) ;
#1905 = VERTEX_POINT ( 'NONE', #2605 ) ;
#1906 = DIRECTION ( 'NONE',  ( -2.839452576972512724E-15, 1.000000000000000000, 0.000000000000000000 ) ) ;
#1907 = LINE ( 'NONE', #1704, #809 ) ;
#1908 = DIRECTION ( 'NONE',  ( -5.680698567222946314E-09, -1.000000000000000000, 0.000000000000000000 ) ) ;
#1909 = ORIENTED_EDGE ( 'NONE', *, *, #1337, .T. ) ;
#1910 = AXIS2_PLACEMENT_3D ( 'NONE', #596, #1239, #825 ) ;
#1911 = CARTESIAN_POINT ( 'NONE',  ( -20.80905505583099924, 58.22641605283200761, -5.400000000000000355 ) ) ;
#1912 = AXIS2_PLACEMENT_3D ( 'NONE', #932, #2415, #1355 ) ;
#1913 = DIRECTION ( 'NONE',  ( -0.000000000000000000, -0.000000000000000000, 1.000000000000000000 ) ) ;
#1914 = CARTESIAN_POINT ( 'NONE',  ( -17.95173990348000004, 60.02641605283200477, 2.000000000000000000 ) ) ;
#1915 = VECTOR ( 'NONE', #2066, 1000.000000000000000 ) ;
#1916 = DIRECTION ( 'NONE',  ( 0.000000000000000000, 0.000000000000000000, 1.000000000000000000 ) ) ;
#1917 = CARTESIAN_POINT ( 'NONE',  ( -17.95173990348000004, 44.49450644730890048, -6.000000000000000000 ) ) ;
#1918 = AXIS2_PLACEMENT_3D ( 'NONE', #2659, #2456, #89 ) ;
#1919 = VERTEX_POINT ( 'NONE', #704 ) ;
#1920 = VECTOR ( 'NONE', #938, 1000.000000000000000 ) ;
#1921 = LINE ( 'NONE', #2113, #2054 ) ;
#1922 = VECTOR ( 'NONE', #955, 1000.000000000000000 ) ;
#1923 = ORIENTED_EDGE ( 'NONE', *, *, #510, .F. ) ;
#1924 = EDGE_CURVE ( 'NONE', #873, #2640, #929, .T. ) ;
#1925 = ADVANCED_FACE ( 'NONE', ( #715 ), #2213, .F. ) ;
#1926 = CARTESIAN_POINT ( 'NONE',  ( -47.00908045588099782, 60.02641605283200477, -5.400000000000000355 ) ) ;
#1927 = PLANE ( 'NONE',  #2447 ) ;
#1928 = LINE ( 'NONE', #859, #2674 ) ;
#1929 = ORIENTED_EDGE ( 'NONE', *, *, #1324, .T. ) ;
#1930 = EDGE_CURVE ( 'NONE', #1905, #729, #532, .T. ) ;
#1931 = CARTESIAN_POINT ( 'NONE',  ( -48.69710439420900627, 60.02641605283200477, -2.046156930640000038 ) ) ;
#1932 = CARTESIAN_POINT ( 'NONE',  ( -62.93912369824697350, 11.05172720345399817, -6.000000000000000000 ) ) ;
#1933 = ORIENTED_EDGE ( 'NONE', *, *, #753, .T. ) ;
#1934 = DIRECTION ( 'NONE',  ( -3.344605140136899204E-30, 2.312964634635743450E-15, 1.000000000000000000 ) ) ;
#1935 = LINE ( 'NONE', #412, #347 ) ;
#1936 = ORIENTED_EDGE ( 'NONE', *, *, #2057, .F. ) ;
#1937 = PLANE ( 'NONE',  #1083 ) ;
#1938 = ORIENTED_EDGE ( 'NONE', *, *, #1158, .F. ) ;
#1939 = CARTESIAN_POINT ( 'NONE',  ( -47.43908432816850507, 12.85172720345379460, 0.000000000000000000 ) ) ;
#1940 = ADVANCED_FACE ( 'NONE', ( #2647 ), #2189, .F. ) ;
#1941 = VERTEX_POINT ( 'NONE', #86 ) ;
#1942 = DIRECTION ( 'NONE',  ( -0.000000000000000000, -0.000000000000000000, -1.000000000000000000 ) ) ;
#1943 = EDGE_CURVE ( 'NONE', #1022, #1442, #1138, .T. ) ;
#1944 = FACE_OUTER_BOUND ( 'NONE', #795, .T. ) ;
#1945 = ORIENTED_EDGE ( 'NONE', *, *, #961, .T. ) ;
#1946 = VERTEX_POINT ( 'NONE', #1569 ) ;
#1947 = CARTESIAN_POINT ( 'NONE',  ( -49.43908432816851217, 12.85172720187683915, -5.400000000000000355 ) ) ;
#1948 = DIRECTION ( 'NONE',  ( 0.000000000000000000, 0.000000000000000000, 1.000000000000000000 ) ) ;
#1949 = VERTEX_POINT ( 'NONE', #2409 ) ;
#1950 = FACE_OUTER_BOUND ( 'NONE', #1029, .T. ) ;
#1951 = VERTEX_POINT ( 'NONE', #2200 ) ;
#1952 = CARTESIAN_POINT ( 'NONE',  ( -19.50721673146667356, 13.30403860807730787, -6.009999999999999787 ) ) ;
#1953 = ORIENTED_EDGE ( 'NONE', *, *, #2688, .F. ) ;
#1954 = DIRECTION ( 'NONE',  ( 1.000000000000000000, 0.000000000000000000, 0.000000000000000000 ) ) ;
#1955 = FACE_OUTER_BOUND ( 'NONE', #1093, .T. ) ;
#1956 = CIRCLE ( 'NONE', #1602, 2.987305054610187138 ) ;
#1957 = EDGE_LOOP ( 'NONE', ( #381, #71, #481, #73 ) ) ;
#1958 = ADVANCED_FACE ( 'NONE', ( #943 ), #1623, .T. ) ;
#1959 = VECTOR ( 'NONE', #2606, 1000.000000000000000 ) ;
#1960 = DIRECTION ( 'NONE',  ( -1.000000000000000000, 0.000000000000000000, 0.000000000000000000 ) ) ;
#1961 = AXIS2_PLACEMENT_3D ( 'NONE', #1852, #1191, #2033 ) ;
#1962 = EDGE_LOOP ( 'NONE', ( #2607, #2727, #2461, #245 ) ) ;
#1963 = CIRCLE ( 'NONE', #1477, 1.187305054610409583 ) ;
#1964 = ORIENTED_EDGE ( 'NONE', *, *, #1801, .T. ) ;
#1965 = VECTOR ( 'NONE', #271, 1000.000000000000000 ) ;
#1966 = LINE ( 'NONE', #515, #1920 ) ;
#1967 = VECTOR ( 'NONE', #1334, 1000.000000000000000 ) ;
#1968 = ORIENTED_EDGE ( 'NONE', *, *, #2515, .F. ) ;
#1969 = AXIS2_PLACEMENT_3D ( 'NONE', #2017, #526, #312 ) ;
#1970 = CARTESIAN_POINT ( 'NONE',  ( -47.00908045588099782, 58.22641605283200050, 0.6000000000000033085 ) ) ;
#1971 = DIRECTION ( 'NONE',  ( -1.682626982675256079E-07, -0.9999999999999857891, 0.000000000000000000 ) ) ;
#1972 = ORIENTED_EDGE ( 'NONE', *, *, #218, .F. ) ;
#1973 = PLANE ( 'NONE',  #1305 ) ;
#1974 = ADVANCED_FACE ( 'NONE', ( #982 ), #1828, .T. ) ;
#1975 = DIRECTION ( 'NONE',  ( 1.000000000000000000, -0.000000000000000000, -0.000000000000000000 ) ) ;
#1976 = EDGE_LOOP ( 'NONE', ( #147, #1923, #1752, #915 ) ) ;
#1977 = CARTESIAN_POINT ( 'NONE',  ( -20.85173990347987782, 57.02641605283200477, 1.250000000000000222 ) ) ;
#1978 =( NAMED_UNIT ( * ) PLANE_ANGLE_UNIT ( ) SI_UNIT ( $, .RADIAN. ) );
#1979 = EDGE_CURVE ( 'NONE', #2371, #2543, #372, .T. ) ;
#1980 = ORIENTED_EDGE ( 'NONE', *, *, #1492, .F. ) ;
#1981 = CARTESIAN_POINT ( 'NONE',  ( -49.79562883019551833, 59.02641605283199766, 0.6000000000000005329 ) ) ;
#1982 = ORIENTED_EDGE ( 'NONE', *, *, #1669, .F. ) ;
#1983 = LINE ( 'NONE', #1758, #1081 ) ;
#1984 = DIRECTION ( 'NONE',  ( 0.000000000000000000, 0.000000000000000000, -1.000000000000000000 ) ) ;
#1985 = CARTESIAN_POINT ( 'NONE',  ( -20.75173990347987285, 56.97641605283200761, 0.000000000000000000 ) ) ;
#1986 = LINE ( 'NONE', #1079, #1391 ) ;
#1987 = CARTESIAN_POINT ( 'NONE',  ( -35.43908432816850507, 12.05172720345399817, -6.009999999999999787 ) ) ;
#1988 = ORIENTED_EDGE ( 'NONE', *, *, #1131, .T. ) ;
#1989 = EDGE_CURVE ( 'NONE', #1304, #1335, #1234, .T. ) ;
#1990 = EDGE_CURVE ( 'NONE', #1316, #2197, #800, .T. ) ;
#1991 = LINE ( 'NONE', #82, #1783 ) ;
#1992 = ORIENTED_EDGE ( 'NONE', *, *, #912, .T. ) ;
#1993 = VERTEX_POINT ( 'NONE', #1865 ) ;
#1994 = DIRECTION ( 'NONE',  ( -1.000000000000000000, 0.000000000000000000, 0.000000000000000000 ) ) ;
#1995 = VERTEX_POINT ( 'NONE', #2490 ) ;
#1996 = FACE_OUTER_BOUND ( 'NONE', #301, .T. ) ;
#1997 = DIRECTION ( 'NONE',  ( -1.000000000000000000, 0.000000000000000000, -3.947849085439240723E-16 ) ) ;
#1998 = LINE ( 'NONE', #2599, #234 ) ;
#1999 = VECTOR ( 'NONE', #1351, 1000.000000000000000 ) ;
#2000 = EDGE_LOOP ( 'NONE', ( #479, #1968, #191, #1059 ) ) ;
#2001 = AXIS2_PLACEMENT_3D ( 'NONE', #1615, #310, #567 ) ;
#2002 = CARTESIAN_POINT ( 'NONE',  ( -21.93904495809000110, 13.85172720345430264, 0.000000000000000000 ) ) ;
#2003 = EDGE_CURVE ( 'NONE', #1830, #1835, #2719, .T. ) ;
#2004 = EDGE_CURVE ( 'NONE', #996, #1006, #2294, .T. ) ;
#2005 = VECTOR ( 'NONE', #554, 1000.000000000000000 ) ;
#2006 = ORIENTED_EDGE ( 'NONE', *, *, #1719, .F. ) ;
#2007 = DIRECTION ( 'NONE',  ( 0.000000000000000000, 0.000000000000000000, 1.000000000000000000 ) ) ;
#2008 = AXIS2_PLACEMENT_3D ( 'NONE', #2506, #399, #1634 ) ;
#2009 = CARTESIAN_POINT ( 'NONE',  ( -55.69710439420899917, 60.02641605283200477, -6.009999999999999787 ) ) ;
#2010 = APPROVAL ( #212, 'æœª' ) ;
#2011 = VERTEX_POINT ( 'NONE', #2103 ) ;
#2012 = AXIS2_PLACEMENT_3D ( 'NONE', #2642, #2218, #275 ) ;
#2013 = CARTESIAN_POINT ( 'NONE',  ( -21.93904495809000110, 15.03903225806500110, -1.550000000000002709 ) ) ;
#2014 = CARTESIAN_POINT ( 'NONE',  ( -20.80905505583099924, 58.22641605283200761, -5.400000000000000355 ) ) ;
#2015 = ORIENTED_EDGE ( 'NONE', *, *, #597, .T. ) ;
#2016 = DIRECTION ( 'NONE',  ( 1.000000000000000000, -3.709248162925460990E-09, 0.000000000000000000 ) ) ;
#2017 = CARTESIAN_POINT ( 'NONE',  ( -19.75173990347987640, 58.22641605283200761, 50.78407294179726961 ) ) ;
#2018 = VERTEX_POINT ( 'NONE', #383 ) ;
#2019 = PLANE ( 'NONE',  #862 ) ;
#2020 = ORIENTED_EDGE ( 'NONE', *, *, #1021, .T. ) ;
#2021 = FACE_OUTER_BOUND ( 'NONE', #379, .T. ) ;
#2022 = CARTESIAN_POINT ( 'NONE',  ( -24.43908432816851573, 12.05172720345461101, -5.400000000000000355 ) ) ;
#2023 = ORIENTED_EDGE ( 'NONE', *, *, #253, .T. ) ;
#2024 = EDGE_CURVE ( 'NONE', #1729, #2018, #2493, .T. ) ;
#2025 = EDGE_CURVE ( 'NONE', #1137, #1757, #180, .T. ) ;
#2026 = LINE ( 'NONE', #105, #2716 ) ;
#2027 = CARTESIAN_POINT ( 'NONE',  ( -62.93912369824698771, 12.85172715143025002, -5.400000000000000355 ) ) ;
#2028 = LINE ( 'NONE', #1576, #2489 ) ;
#2029 = ORIENTED_EDGE ( 'NONE', *, *, #1021, .F. ) ;
#2030 = CYLINDRICAL_SURFACE ( 'NONE', #2099, 2.987305054610187138 ) ;
#2031 = ORIENTED_EDGE ( 'NONE', *, *, #1520, .F. ) ;
#2032 = CARTESIAN_POINT ( 'NONE',  ( -63.36159748425748717, 59.02641605283199766, 0.6000000000000003109 ) ) ;
#2033 = DIRECTION ( 'NONE',  ( -1.000000000000000000, 0.000000000000000000, -0.000000000000000000 ) ) ;
#2034 = LINE ( 'NONE', #1350, #543 ) ;
#2035 = EDGE_LOOP ( 'NONE', ( #1226, #2295, #1850, #2155, #313, #1271 ) ) ;
#2036 = CARTESIAN_POINT ( 'NONE',  ( -21.93904495809000110, 12.85172720345430442, 0.000000000000000000 ) ) ;
#2037 = ADVANCED_FACE ( 'NONE', ( #2466 ), #2083, .F. ) ;
#2038 = EDGE_CURVE ( 'NONE', #2165, #170, #1206, .T. ) ;
#2039 = DIRECTION ( 'NONE',  ( 1.000000000000000000, 0.000000000000000000, 2.478176394252582620E-16 ) ) ;
#2040 = SECURITY_CLASSIFICATION_LEVEL ( 'unclassified' ) ;
#2041 = VECTOR ( 'NONE', #2559, 1000.000000000000000 ) ;
#2042 = ORIENTED_EDGE ( 'NONE', *, *, #424, .T. ) ;
#2043 = VECTOR ( 'NONE', #2523, 1000.000000000000000 ) ;
#2044 = PLANE ( 'NONE',  #725 ) ;
#2045 = ORIENTED_EDGE ( 'NONE', *, *, #974, .T. ) ;
#2046 = CIRCLE ( 'NONE', #1696, 2.187305070310105570 ) ;
#2047 = CARTESIAN_POINT ( 'NONE',  ( -18.95173990347987569, 15.03903225806500110, -6.009999999999999787 ) ) ;
#2048 = LINE ( 'NONE', #2519, #1875 ) ;
#2049 = VECTOR ( 'NONE', #2172, 1000.000000000000000 ) ;
#2050 = ORIENTED_EDGE ( 'NONE', *, *, #2176, .F. ) ;
#2051 = VECTOR ( 'NONE', #789, 1000.000000000000000 ) ;
#2052 = FACE_OUTER_BOUND ( 'NONE', #1686, .T. ) ;
#2053 = CARTESIAN_POINT ( 'NONE',  ( -21.93904495809000110, 12.85172720345420139, 0.000000000000000000 ) ) ;
#2054 = VECTOR ( 'NONE', #672, 1000.000000000000000 ) ;
#2055 = ORIENTED_EDGE ( 'NONE', *, *, #612, .T. ) ;
#2056 = DIRECTION ( 'NONE',  ( 0.000000000000000000, 0.000000000000000000, -1.000000000000000000 ) ) ;
#2057 = EDGE_CURVE ( 'NONE', #1757, #396, #1613, .T. ) ;
#2058 = ORIENTED_EDGE ( 'NONE', *, *, #1008, .F. ) ;
#2059 = DIRECTION ( 'NONE',  ( -1.000000000000000000, 0.000000000000000000, 0.000000000000000000 ) ) ;
#2060 = ORIENTED_EDGE ( 'NONE', *, *, #654, .F. ) ;
#2061 = PLANE ( 'NONE',  #173 ) ;
#2062 = CARTESIAN_POINT ( 'NONE',  ( -49.43908432816848375, 11.05172720345416160, -6.000000000000000000 ) ) ;
#2063 = ORIENTED_EDGE ( 'NONE', *, *, #547, .F. ) ;
#2064 = CARTESIAN_POINT ( 'NONE',  ( -54.70972821945600373, 58.22641605283200050, -1.500000000000000000 ) ) ;
#2065 = CARTESIAN_POINT ( 'NONE',  ( -17.95173990347975135, 15.03903225806500110, -6.000000000000000000 ) ) ;
#2066 = DIRECTION ( 'NONE',  ( -0.000000000000000000, -0.000000000000000000, -1.000000000000000000 ) ) ;
#2067 = ORIENTED_EDGE ( 'NONE', *, *, #200, .F. ) ;
#2068 = LINE ( 'NONE', #2503, #1660 ) ;
#2069 = ORIENTED_EDGE ( 'NONE', *, *, #2651, .T. ) ;
#2070 = EDGE_CURVE ( 'NONE', #11, #2632, #573, .T. ) ;
#2071 = EDGE_CURVE ( 'NONE', #2149, #1624, #2702, .T. ) ;
#2072 = DIRECTION ( 'NONE',  ( -0.000000000000000000, -0.000000000000000000, -1.000000000000000000 ) ) ;
#2073 = ORIENTED_EDGE ( 'NONE', *, *, #2347, .T. ) ;
#2074 = DIRECTION ( 'NONE',  ( -0.000000000000000000, -0.000000000000000000, 1.000000000000000000 ) ) ;
#2075 = CARTESIAN_POINT ( 'NONE',  ( -47.43908432816848375, 11.05172720345418647, 4.956352788505161296E-16 ) ) ;
#2076 = VERTEX_POINT ( 'NONE', #1663 ) ;
#2077 = CARTESIAN_POINT ( 'NONE',  ( -62.93912369824698771, 15.03903225806500110, -5.400000000000000355 ) ) ;
#2078 = ORIENTED_EDGE ( 'NONE', *, *, #1300, .F. ) ;
#2079 = DIRECTION ( 'NONE',  ( 0.000000000000000000, 0.000000000000000000, 1.000000000000000000 ) ) ;
#2080 = ORIENTED_EDGE ( 'NONE', *, *, #1230, .T. ) ;
#2081 = CIRCLE ( 'NONE', #937, 1.187305231577895359 ) ;
#2082 = CARTESIAN_POINT ( 'NONE',  ( -49.43908432816848375, 11.05172720345416160, 0.000000000000000000 ) ) ;
#2083 = PLANE ( 'NONE',  #272 ) ;
#2084 = EDGE_CURVE ( 'NONE', #836, #60, #2048, .T. ) ;
#2085 = AXIS2_PLACEMENT_3D ( 'NONE', #1897, #1281, #864 ) ;
#2086 = ORIENTED_EDGE ( 'NONE', *, *, #1754, .F. ) ;
#2087 = LINE ( 'NONE', #2082, #625 ) ;
#2088 = VECTOR ( 'NONE', #1448, 1000.000000000000000 ) ;
#2089 = CARTESIAN_POINT ( 'NONE',  ( -62.93912369824698771, 15.03903225806500110, 0.000000000000000000 ) ) ;
#2090 = EDGE_CURVE ( 'NONE', #189, #1157, #143, .T. ) ;
#2091 = APPROVAL_ROLE ( '' ) ;
#2092 = DIRECTION ( 'NONE',  ( 5.576798466548150274E-14, -1.000000000000000000, 0.000000000000000000 ) ) ;
#2093 = VECTOR ( 'NONE', #1545, 1000.000000000000000 ) ;
#2094 = ORIENTED_EDGE ( 'NONE', *, *, #134, .F. ) ;
#2095 = DIRECTION ( 'NONE',  ( -0.000000000000000000, -0.000000000000000000, -1.000000000000000000 ) ) ;
#2096 = VECTOR ( 'NONE', #1080, 1000.000000000000000 ) ;
#2097 = CARTESIAN_POINT ( 'NONE',  ( -47.00908045588099782, 58.22641605283200050, 50.78407294179726961 ) ) ;
#2098 = VERTEX_POINT ( 'NONE', #2269 ) ;
#2099 = AXIS2_PLACEMENT_3D ( 'NONE', #122, #1839, #2686 ) ;
#2100 = CARTESIAN_POINT ( 'NONE',  ( -42.35996951993899984, 27.92494030988099851, 0.000000000000000000 ) ) ;
#2101 = EDGE_LOOP ( 'NONE', ( #2349, #560, #1260, #1964 ) ) ;
#2102 = CARTESIAN_POINT ( 'NONE',  ( -18.45173990347999649, 45.02641605283200477, 6.938893903907228378E-15 ) ) ;
#2103 = CARTESIAN_POINT ( 'NONE',  ( -17.95173990347975135, 15.03903225806500110, 2.000000000000000000 ) ) ;
#2104 = VERTEX_POINT ( 'NONE', #2062 ) ;
#2105 = CARTESIAN_POINT ( 'NONE',  ( -55.69710439420899917, 60.02641605283200477, -1.499999999999999556 ) ) ;
#2106 = DATE_TIME_ROLE ( 'creation_date' ) ;
#2107 = CARTESIAN_POINT ( 'NONE',  ( -20.80905505583099924, 57.02641605283200477, 1.000000000000000000 ) ) ;
#2108 = LINE ( 'NONE', #2749, #1690 ) ;
#2109 = EDGE_CURVE ( 'NONE', #83, #460, #1443, .T. ) ;
#2110 = EDGE_CURVE ( 'NONE', #2161, #99, #816, .T. ) ;
#2111 = DIRECTION ( 'NONE',  ( -0.000000000000000000, -0.000000000000000000, -1.000000000000000000 ) ) ;
#2112 = ORIENTED_EDGE ( 'NONE', *, *, #2348, .F. ) ;
#2113 = CARTESIAN_POINT ( 'NONE',  ( -21.93904495809000110, 12.85172720345420139, 0.000000000000000000 ) ) ;
#2114 = ORIENTED_EDGE ( 'NONE', *, *, #735, .T. ) ;
#2115 = DIRECTION ( 'NONE',  ( 1.000000000000000000, 0.000000000000000000, -0.000000000000000000 ) ) ;
#2116 = CARTESIAN_POINT ( 'NONE',  ( -28.95173990348000004, 25.30403860807700056, -1.550000000000000933 ) ) ;
#2117 = VERTEX_POINT ( 'NONE', #646 ) ;
#2118 = LINE ( 'NONE', #1931, #447 ) ;
#2119 = DIRECTION ( 'NONE',  ( 1.000000000000000000, 0.000000000000000000, 0.000000000000000000 ) ) ;
#2120 = CARTESIAN_POINT ( 'NONE',  ( -49.43908432816851217, 12.85172720187683915, -5.400000000000000355 ) ) ;
#2121 = DIRECTION ( 'NONE',  ( -0.000000000000000000, -0.000000000000000000, -1.000000000000000000 ) ) ;
#2122 = CARTESIAN_POINT ( 'NONE',  ( -47.00908045588099782, 52.02641605283201187, 1.000000000000000000 ) ) ;
#2123 = EDGE_CURVE ( 'NONE', #1466, #956, #196, .T. ) ;
#2124 = CARTESIAN_POINT ( 'NONE',  ( -57.46012192024399212, 58.22641605283200050, 50.78407294179726961 ) ) ;
#2125 = ADVANCED_FACE ( 'NONE', ( #2148 ), #1063, .F. ) ;
#2126 = ORIENTED_EDGE ( 'NONE', *, *, #2382, .T. ) ;
#2127 = DIRECTION ( 'NONE',  ( 1.000000000000000000, -0.000000000000000000, -1.160579026326414288E-16 ) ) ;
#2128 = ADVANCED_FACE ( 'NONE', ( #2561 ), #2158, .F. ) ;
#2129 = ORIENTED_EDGE ( 'NONE', *, *, #2070, .T. ) ;
#2130 = DIRECTION ( 'NONE',  ( -1.000000000000000000, 0.000000000000000000, 1.973924542719620361E-16 ) ) ;
#2131 = DIRECTION ( 'NONE',  ( -1.000000000000000000, 0.000000000000000000, 3.947849085439240723E-16 ) ) ;
#2132 = ORIENTED_EDGE ( 'NONE', *, *, #2004, .F. ) ;
#2133 = AXIS2_PLACEMENT_3D ( 'NONE', #2730, #1261, #601 ) ;
#2134 = DIRECTION ( 'NONE',  ( -0.000000000000000000, -0.000000000000000000, 1.000000000000000000 ) ) ;
#2135 = VECTOR ( 'NONE', #1804, 1000.000000000000000 ) ;
#2136 = LINE ( 'NONE', #846, #1115 ) ;
#2137 = EDGE_LOOP ( 'NONE', ( #350, #1637, #2351, #574 ) ) ;
#2138 = AXIS2_PLACEMENT_3D ( 'NONE', #2195, #1468, #2115 ) ;
#2139 = DIRECTION ( 'NONE',  ( 0.000000000000000000, 0.000000000000000000, -1.000000000000000000 ) ) ;
#2140 = DIRECTION ( 'NONE',  ( -0.000000000000000000, -0.000000000000000000, -1.000000000000000000 ) ) ;
#2141 = CIRCLE ( 'NONE', #1347, 2.987305054610187138 ) ;
#2142 = ORIENTED_EDGE ( 'NONE', *, *, #510, .T. ) ;
#2143 = ADVANCED_FACE ( 'NONE', ( #675 ), #1526, .T. ) ;
#2144 = CARTESIAN_POINT ( 'NONE',  ( -19.75173990347984443, 37.52641605283200477, -5.400000000000000355 ) ) ;
#2145 = VERTEX_POINT ( 'NONE', #1501 ) ;
#2146 = ADVANCED_FACE ( 'NONE', ( #1894 ), #661, .F. ) ;
#2147 = EDGE_CURVE ( 'NONE', #587, #1359, #444, .T. ) ;
#2148 = FACE_OUTER_BOUND ( 'NONE', #2281, .T. ) ;
#2149 = VERTEX_POINT ( 'NONE', #2339 ) ;
#2150 = CARTESIAN_POINT ( 'NONE',  ( -58.55864635623051129, 60.02641605283200477, -1.499999999999999778 ) ) ;
#2151 = CARTESIAN_POINT ( 'NONE',  ( 0.000000000000000000, 52.02641605283201187, 0.000000000000000000 ) ) ;
#2152 = VERTEX_POINT ( 'NONE', #631 ) ;
#2153 = LINE ( 'NONE', #246, #1212 ) ;
#2154 = LINE ( 'NONE', #948, #581 ) ;
#2155 = ORIENTED_EDGE ( 'NONE', *, *, #547, .T. ) ;
#2156 = LINE ( 'NONE', #1089, #1487 ) ;
#2157 = ORIENTED_EDGE ( 'NONE', *, *, #2588, .T. ) ;
#2158 = PLANE ( 'NONE',  #1126 ) ;
#2159 = EDGE_CURVE ( 'NONE', #775, #2717, #418, .T. ) ;
#2160 = ADVANCED_FACE ( 'NONE', ( #688 ), #209, .F. ) ;
#2161 = VERTEX_POINT ( 'NONE', #1744 ) ;
#2162 = CYLINDRICAL_SURFACE ( 'NONE', #2536, 2.987304979498506263 ) ;
#2163 = CARTESIAN_POINT ( 'NONE',  ( -63.25094131478952164, 59.02641605283199766, 0.6000000000000003109 ) ) ;
#2164 = VERTEX_POINT ( 'NONE', #1939 ) ;
#2165 = VERTEX_POINT ( 'NONE', #41 ) ;
#2166 = CARTESIAN_POINT ( 'NONE',  ( -49.79562883019551833, 58.22641605283200050, 50.78407294179726961 ) ) ;
#2167 = DIRECTION ( 'NONE',  ( 1.000000000000000000, 0.000000000000000000, -0.000000000000000000 ) ) ;
#2168 = CARTESIAN_POINT ( 'NONE',  ( -64.46012192024400633, 58.22641605283200050, -5.400000000000000355 ) ) ;
#2169 = DIRECTION ( 'NONE',  ( 0.000000000000000000, 0.000000000000000000, 1.000000000000000000 ) ) ;
#2170 = EDGE_LOOP ( 'NONE', ( #2432, #121, #1800, #603 ) ) ;
#2171 = EDGE_CURVE ( 'NONE', #1672, #1873, #1928, .T. ) ;
#2172 = DIRECTION ( 'NONE',  ( 0.000000000000000000, -1.000000000000000000, 0.000000000000000000 ) ) ;
#2173 = DIRECTION ( 'NONE',  ( -1.000000000000000000, 0.000000000000000000, -0.000000000000000000 ) ) ;
#2174 = VECTOR ( 'NONE', #2121, 1000.000000000000000 ) ;
#2175 = ORIENTED_EDGE ( 'NONE', *, *, #1384, .F. ) ;
#2176 = EDGE_CURVE ( 'NONE', #666, #1113, #900, .T. ) ;
#2177 = CIRCLE ( 'NONE', #1253, 2.187305070310105570 ) ;
#2178 = LINE ( 'NONE', #1556, #2093 ) ;
#2179 = DIRECTION ( 'NONE',  ( 1.000000000000000000, 1.226997175350663321E-14, -0.000000000000000000 ) ) ;
#2180 = AXIS2_PLACEMENT_3D ( 'NONE', #1676, #2560, #696 ) ;
#2181 = VERTEX_POINT ( 'NONE', #2591 ) ;
#2182 = LINE ( 'NONE', #1262, #2222 ) ;
#2183 = AXIS2_PLACEMENT_3D ( 'NONE', #2693, #2074, #2733 ) ;
#2184 = ORIENTED_EDGE ( 'NONE', *, *, #2752, .F. ) ;
#2185 = VECTOR ( 'NONE', #842, 1000.000000000000000 ) ;
#2186 = DIRECTION ( 'NONE',  ( -0.000000000000000000, -0.000000000000000000, -1.000000000000000000 ) ) ;
#2187 = VECTOR ( 'NONE', #1588, 1000.000000000000000 ) ;
#2188 = ORIENTED_EDGE ( 'NONE', *, *, #2668, .F. ) ;
#2189 = PLANE ( 'NONE',  #1172 ) ;
#2190 = CARTESIAN_POINT ( 'NONE',  ( -65.88442960059720122, 60.02641605283200477, -6.000000000000000000 ) ) ;
#2191 = FACE_OUTER_BOUND ( 'NONE', #237, .T. ) ;
#2192 = FACE_OUTER_BOUND ( 'NONE', #2658, .T. ) ;
#2193 = ADVANCED_FACE ( 'NONE', ( #1688 ), #15, .F. ) ;
#2194 = EDGE_CURVE ( 'NONE', #710, #2164, #473, .T. ) ;
#2195 = CARTESIAN_POINT ( 'NONE',  ( -62.93912369824698771, 15.03903225806500110, -6.000000000000000000 ) ) ;
#2196 = LINE ( 'NONE', #709, #815 ) ;
#2197 = VERTEX_POINT ( 'NONE', #431 ) ;
#2198 = DIRECTION ( 'NONE',  ( 1.000000000000000000, -1.654584353154874569E-16, 0.000000000000000000 ) ) ;
#2199 = ORIENTED_EDGE ( 'NONE', *, *, #185, .F. ) ;
#2200 = CARTESIAN_POINT ( 'NONE',  ( -35.43908432816850507, 12.05172720345399817, -6.000000000000000000 ) ) ;
#2201 = ORIENTED_EDGE ( 'NONE', *, *, #595, .T. ) ;
#2202 = FACE_OUTER_BOUND ( 'NONE', #288, .T. ) ;
#2203 = DIRECTION ( 'NONE',  ( -1.000000000000000000, 0.000000000000000000, 0.000000000000000000 ) ) ;
#2204 = ORIENTED_EDGE ( 'NONE', *, *, #509, .T. ) ;
#2205 = DIRECTION ( 'NONE',  ( 0.000000000000000000, 0.000000000000000000, -1.000000000000000000 ) ) ;
#2206 = ADVANCED_FACE ( 'NONE', ( #1049 ), #2744, .F. ) ;
#2207 = DIRECTION ( 'NONE',  ( -0.000000000000000000, -0.000000000000000000, 1.000000000000000000 ) ) ;
#2208 = ORIENTED_EDGE ( 'NONE', *, *, #1719, .T. ) ;
#2209 = EDGE_CURVE ( 'NONE', #1442, #304, #2406, .T. ) ;
#2210 = CARTESIAN_POINT ( 'NONE',  ( -62.93912369828669284, 13.85172702648710086, 0.000000000000000000 ) ) ;
#2211 = EDGE_LOOP ( 'NONE', ( #689, #259, #126, #2628 ) ) ;
#2212 = DIRECTION ( 'NONE',  ( 0.000000000000000000, 0.000000000000000000, -1.000000000000000000 ) ) ;
#2213 = PLANE ( 'NONE',  #1700 ) ;
#2214 = ORIENTED_EDGE ( 'NONE', *, *, #890, .T. ) ;
#2215 = DIRECTION ( 'NONE',  ( 1.160579026326414288E-16, 0.000000000000000000, 1.000000000000000000 ) ) ;
#2216 = ORIENTED_EDGE ( 'NONE', *, *, #462, .T. ) ;
#2217 = DIRECTION ( 'NONE',  ( -2.478176394252582620E-16, -3.040715435768610017E-30, 1.000000000000000000 ) ) ;
#2218 = DIRECTION ( 'NONE',  ( 0.000000000000000000, 0.000000000000000000, -1.000000000000000000 ) ) ;
#2219 = VECTOR ( 'NONE', #2721, 1000.000000000000114 ) ;
#2220 = ORIENTED_EDGE ( 'NONE', *, *, #2171, .F. ) ;
#2221 = EDGE_CURVE ( 'NONE', #2418, #160, #1966, .T. ) ;
#2222 = VECTOR ( 'NONE', #2307, 1000.000000000000114 ) ;
#2223 = LINE ( 'NONE', #1981, #408 ) ;
#2224 = VECTOR ( 'NONE', #2469, 1000.000000000000000 ) ;
#2225 = ORIENTED_EDGE ( 'NONE', *, *, #2668, .T. ) ;
#2226 = EDGE_CURVE ( 'NONE', #1455, #810, #97, .T. ) ;
#2227 = EDGE_CURVE ( 'NONE', #2152, #2371, #2433, .T. ) ;
#2228 = CARTESIAN_POINT ( 'NONE',  ( -65.92642861395907516, 15.03951341262441233, -5.400000000000000355 ) ) ;
#2229 = AXIS2_PLACEMENT_3D ( 'NONE', #746, #1405, #1166 ) ;
#2230 = DIRECTION ( 'NONE',  ( 0.000000000000000000, 1.000000000000000000, 0.000000000000000000 ) ) ;
#2231 = VERTEX_POINT ( 'NONE', #2613 ) ;
#2232 = VECTOR ( 'NONE', #895, 1000.000000000000000 ) ;
#2233 = CARTESIAN_POINT ( 'NONE',  ( -48.69710439420900627, 58.22641605283200050, -1.500000000000001332 ) ) ;
#2234 = APPROVAL_PERSON_ORGANIZATION ( #1200, #2494, #2091 ) ;
#2235 = CARTESIAN_POINT ( 'NONE',  ( -47.43908432816850507, 13.05172720345418647, 4.956352788505145518E-16 ) ) ;
#2236 = VERTEX_POINT ( 'NONE', #2002 ) ;
#2237 = CARTESIAN_POINT ( 'NONE',  ( -18.95173990347993964, 37.52641605283200477, -6.009999999999999787 ) ) ;
#2238 = COORDINATED_UNIVERSAL_TIME_OFFSET ( 8, 0, .AHEAD. ) ;
#2239 = VERTEX_POINT ( 'NONE', #2644 ) ;
#2240 = CARTESIAN_POINT ( 'NONE',  ( -40.10996951993899984, 27.92494030988099851, 1.000000000000000000 ) ) ;
#2241 = VERTEX_POINT ( 'NONE', #2630 ) ;
#2242 = LINE ( 'NONE', #2032, #1068 ) ;
#2243 = CARTESIAN_POINT ( 'NONE',  ( -19.75173990347985509, 45.02641605283200477, -5.400000000000000355 ) ) ;
#2244 = DIRECTION ( 'NONE',  ( 0.000000000000000000, 0.000000000000000000, -1.000000000000000000 ) ) ;
#2245 = EDGE_CURVE ( 'NONE', #1335, #2655, #1779, .T. ) ;
#2246 = EDGE_CURVE ( 'NONE', #1176, #2076, #1991, .T. ) ;
#2247 = ORIENTED_EDGE ( 'NONE', *, *, #1181, .F. ) ;
#2248 = DIRECTION ( 'NONE',  ( -4.108190591843664469E-16, 0.000000000000000000, -1.000000000000000000 ) ) ;
#2249 = LINE ( 'NONE', #2416, #2665 ) ;
#2250 = PERSON_AND_ORGANIZATION_ROLE ( 'creator' ) ;
#2251 = EDGE_LOOP ( 'NONE', ( #2389, #91 ) ) ;
#2252 = LINE ( 'NONE', #341, #683 ) ;
#2253 = VERTEX_POINT ( 'NONE', #1579 ) ;
#2254 = DIRECTION ( 'NONE',  ( -1.000000000000000000, 0.000000000000000000, 0.000000000000000000 ) ) ;
#2255 = DIRECTION ( 'NONE',  ( -1.682626982675255814E-07, -0.9999999999999857891, 0.000000000000000000 ) ) ;
#2256 = ORIENTED_EDGE ( 'NONE', *, *, #2090, .T. ) ;
#2257 = EDGE_CURVE ( 'NONE', #2454, #2253, #2419, .T. ) ;
#2258 = DIRECTION ( 'NONE',  ( 8.560235169096779232E-08, 0.9999999999999963363, 0.000000000000000000 ) ) ;
#2259 = DIRECTION ( 'NONE',  ( 0.000000000000000000, 1.000000000000000000, -2.312964634635743450E-15 ) ) ;
#2260 = EDGE_CURVE ( 'NONE', #1439, #1562, #1372, .T. ) ;
#2261 = CARTESIAN_POINT ( 'NONE',  ( -64.46012192024400633, 58.22641605283200050, -1.499999999999999556 ) ) ;
#2262 = VERTEX_POINT ( 'NONE', #2210 ) ;
#2263 = AXIS2_PLACEMENT_3D ( 'NONE', #2538, #2092, #1710 ) ;
#2264 = LINE ( 'NONE', #1241, #1263 ) ;
#2265 = ORIENTED_EDGE ( 'NONE', *, *, #875, .T. ) ;
#2266 = VECTOR ( 'NONE', #2338, 1000.000000000000000 ) ;
#2267 = CARTESIAN_POINT ( 'NONE',  ( -18.95173990347981530, 25.30403860807699346, -5.400000000000000355 ) ) ;
#2268 = DIRECTION ( 'NONE',  ( 0.000000000000000000, 0.000000000000000000, 1.000000000000000000 ) ) ;
#2269 = CARTESIAN_POINT ( 'NONE',  ( -47.00908045588099782, 60.02641605283200477, 2.000000000000000000 ) ) ;
#2270 = ORIENTED_EDGE ( 'NONE', *, *, #2347, .F. ) ;
#2271 = VECTOR ( 'NONE', #1677, 1000.000000000000000 ) ;
#2272 = CARTESIAN_POINT ( 'NONE',  ( -65.12642882289426893, 15.03905785648815296, -5.400000000000000355 ) ) ;
#2273 = DIRECTION ( 'NONE',  ( 1.000000000000000000, 0.000000000000000000, -0.000000000000000000 ) ) ;
#2274 = VECTOR ( 'NONE', #1727, 1000.000000000000227 ) ;
#2275 = ORIENTED_EDGE ( 'NONE', *, *, #253, .F. ) ;
#2276 = PRODUCT_DEFINITION_FORMATION_WITH_SPECIFIED_SOURCE ( 'ä»', '', #552, .NOT_KNOWN. ) ;
#2277 = EDGE_CURVE ( 'NONE', #297, #2152, #2603, .T. ) ;
#2278 = EDGE_CURVE ( 'NONE', #104, #1382, #300, .T. ) ;
#2279 = EDGE_LOOP ( 'NONE', ( #779, #624, #1447, #1414 ) ) ;
#2280 = DIRECTION ( 'NONE',  ( -0.000000000000000000, -0.000000000000000000, 1.000000000000000000 ) ) ;
#2281 = EDGE_LOOP ( 'NONE', ( #2391, #123, #2598, #1674 ) ) ;
#2282 = CARTESIAN_POINT ( 'NONE',  ( -19.75173990347987640, 58.22641605283200761, -5.400000000000000355 ) ) ;
#2283 = CARTESIAN_POINT ( 'NONE',  ( -62.93912369824698771, 15.03903225806500110, -6.000000000000000000 ) ) ;
#2284 = ORIENTED_EDGE ( 'NONE', *, *, #405, .F. ) ;
#2285 = LINE ( 'NONE', #1420, #401 ) ;
#2286 = CARTESIAN_POINT ( 'NONE',  ( -20.80905505583099924, 60.02641605283200477, -5.400000000000000355 ) ) ;
#2287 = ORIENTED_EDGE ( 'NONE', *, *, #2431, .F. ) ;
#2288 = DIRECTION ( 'NONE',  ( -1.000000000000000000, 0.000000000000000000, 0.000000000000000000 ) ) ;
#2289 = EDGE_LOOP ( 'NONE', ( #1862, #1992, #2704, #2437 ) ) ;
#2290 = EDGE_CURVE ( 'NONE', #429, #1096, #743, .T. ) ;
#2291 = CARTESIAN_POINT ( 'NONE',  ( -18.95173990348000004, 60.02641605283200477, -5.400000000000000355 ) ) ;
#2292 = ORIENTED_EDGE ( 'NONE', *, *, #299, .T. ) ;
#2293 = EDGE_CURVE ( 'NONE', #1116, #960, #927, .T. ) ;
#2294 = LINE ( 'NONE', #998, #497 ) ;
#2295 = ORIENTED_EDGE ( 'NONE', *, *, #2070, .F. ) ;
#2296 = CARTESIAN_POINT ( 'NONE',  ( -64.46012192024400633, 58.22641605283200050, -1.499999999999999556 ) ) ;
#2297 = MECHANICAL_CONTEXT ( 'NONE', #293, 'mechanical' ) ;
#2298 = DIRECTION ( 'NONE',  ( -1.682626982675255814E-07, -0.9999999999999857891, 0.000000000000000000 ) ) ;
#2299 = ORIENTED_EDGE ( 'NONE', *, *, #1639, .F. ) ;
#2300 = CARTESIAN_POINT ( 'NONE',  ( -63.36159748425748717, 60.02641605283200477, -1.499999999999999112 ) ) ;
#2301 = ORIENTED_EDGE ( 'NONE', *, *, #1601, .T. ) ;
#2302 = PLANE ( 'NONE',  #361 ) ;
#2303 = AXIS2_PLACEMENT_3D ( 'NONE', #1581, #1054, #409 ) ;
#2304 = ORIENTED_EDGE ( 'NONE', *, *, #405, .T. ) ;
#2305 = CARTESIAN_POINT ( 'NONE',  ( 0.000000000000000000, 0.000000000000000000, -5.400000000000000355 ) ) ;
#2306 = AXIS2_PLACEMENT_3D ( 'NONE', #887, #930, #1731 ) ;
#2307 = DIRECTION ( 'NONE',  ( -0.0009778215789009807833, -0.9999995219323656315, 0.000000000000000000 ) ) ;
#2308 = CARTESIAN_POINT ( 'NONE',  ( -20.80905505583099924, 58.22641605283200761, 1.000000000000000000 ) ) ;
#2309 = EDGE_CURVE ( 'NONE', #523, #1006, #2223, .T. ) ;
#2310 = ADVANCED_FACE ( 'NONE', ( #1177 ), #2019, .F. ) ;
#2311 = AXIS2_PLACEMENT_3D ( 'NONE', #2326, #274, #2546 ) ;
#2312 = ORIENTED_EDGE ( 'NONE', *, *, #2394, .T. ) ;
#2313 = ADVANCED_BREP_SHAPE_REPRESENTATION ( '\X2\591658f3\X0\-CH32H417\X2\903b8f91520667904eea\X0\PCB\X2\6a21578b\X0\', ( #2676, #994 ), #276 ) ;
#2314 = VECTOR ( 'NONE', #385, 1000.000000000000000 ) ;
#2315 = LINE ( 'NONE', #2705, #541 ) ;
#2316 = FACE_OUTER_BOUND ( 'NONE', #2279, .T. ) ;
#2317 = AXIS2_PLACEMENT_3D ( 'NONE', #2621, #2438, #763 ) ;
#2318 = ORIENTED_EDGE ( 'NONE', *, *, #649, .T. ) ;
#2319 = CARTESIAN_POINT ( 'NONE',  ( -62.93912369824697350, 11.05172720345399817, 2.000000000000000000 ) ) ;
#2320 = VECTOR ( 'NONE', #1881, 1000.000000000000000 ) ;
#2321 = DIRECTION ( 'NONE',  ( 0.000000000000000000, -1.000000000000000000, 0.000000000000000000 ) ) ;
#2322 = ORIENTED_EDGE ( 'NONE', *, *, #2329, .T. ) ;
#2323 = ORGANIZATION ( 'æœª', 'æœª', '' ) ;
#2324 = LINE ( 'NONE', #1685, #951 ) ;
#2325 = ORIENTED_EDGE ( 'NONE', *, *, #1338, .F. ) ;
#2326 = CARTESIAN_POINT ( 'NONE',  ( -42.35996951993899984, 27.92494030988099851, 0.000000000000000000 ) ) ;
#2327 = DIRECTION ( 'NONE',  ( -1.226997175350663321E-14, 1.000000000000000000, -7.006492321624085355E-46 ) ) ;
#2328 = ORIENTED_EDGE ( 'NONE', *, *, #634, .F. ) ;
#2329 = EDGE_CURVE ( 'NONE', #502, #2340, #1603, .T. ) ;
#2330 = DIRECTION ( 'NONE',  ( -0.9999995219300857885, 0.0009778239106076271232, 0.000000000000000000 ) ) ;
#2331 = SHAPE_DEFINITION_REPRESENTATION ( #2681, #2313 ) ;
#2332 = LINE ( 'NONE', #1460, #2219 ) ;
#2333 = CARTESIAN_POINT ( 'NONE',  ( -48.69710439420900627, 60.02641605283200477, -1.499999999999999556 ) ) ;
#2334 = LINE ( 'NONE', #849, #852 ) ;
#2335 = PLANE ( 'NONE',  #1599 ) ;
#2336 = ORIENTED_EDGE ( 'NONE', *, *, #2723, .F. ) ;
#2337 = CARTESIAN_POINT ( 'NONE',  ( 0.000000000000000000, 0.000000000000000000, -5.400000000000000355 ) ) ;
#2338 = DIRECTION ( 'NONE',  ( 0.000000000000000000, 1.000000000000000000, 0.000000000000000000 ) ) ;
#2339 = CARTESIAN_POINT ( 'NONE',  ( -65.12642876840730821, 15.03905785648751525, 0.000000000000000000 ) ) ;
#2340 = VERTEX_POINT ( 'NONE', #1346 ) ;
#2341 = DIRECTION ( 'NONE',  ( 0.000000000000000000, 1.000000000000000000, 0.000000000000000000 ) ) ;
#2342 = DIRECTION ( 'NONE',  ( -1.000000000000000000, 0.000000000000000000, 0.000000000000000000 ) ) ;
#2343 = EDGE_CURVE ( 'NONE', #1141, #1379, #1809, .T. ) ;
#2344 = EDGE_LOOP ( 'NONE', ( #1150, #1185, #1412, #2653 ) ) ;
#2345 = CARTESIAN_POINT ( 'NONE',  ( -54.70972821945600373, 58.22641605283200050, 50.78407294179726961 ) ) ;
#2346 = DIRECTION ( 'NONE',  ( -0.000000000000000000, -1.000000000000000000, -0.000000000000000000 ) ) ;
#2347 = EDGE_CURVE ( 'NONE', #484, #1382, #262, .T. ) ;
#2348 = EDGE_CURVE ( 'NONE', #37, #413, #2390, .T. ) ;
#2349 = ORIENTED_EDGE ( 'NONE', *, *, #1930, .T. ) ;
#2350 = DIRECTION ( 'NONE',  ( -1.000000000000000000, 0.000000000000000000, 0.000000000000000000 ) ) ;
#2351 = ORIENTED_EDGE ( 'NONE', *, *, #254, .F. ) ;
#2352 = DIRECTION ( 'NONE',  ( 0.000000000000000000, 0.000000000000000000, 1.000000000000000000 ) ) ;
#2353 = ORIENTED_EDGE ( 'NONE', *, *, #1868, .T. ) ;
#2354 = VECTOR ( 'NONE', #1622, 1000.000000000000000 ) ;
#2355 = CARTESIAN_POINT ( 'NONE',  ( -44.60996951993899984, 27.92494030988099851, 1.000000000000000000 ) ) ;
#2356 = VECTOR ( 'NONE', #1975, 1000.000000000000000 ) ;
#2357 = DIRECTION ( 'NONE',  ( 1.000000000000000000, 0.000000000000000000, 0.000000000000000000 ) ) ;
#2358 = VERTEX_POINT ( 'NONE', #278 ) ;
#2359 = ORIENTED_EDGE ( 'NONE', *, *, #2277, .T. ) ;
#2360 = VECTOR ( 'NONE', #2205, 1000.000000000000000 ) ;
#2361 = DIRECTION ( 'NONE',  ( -0.000000000000000000, -1.000000000000000000, -0.000000000000000000 ) ) ;
#2362 = CARTESIAN_POINT ( 'NONE',  ( -18.95173990347990411, 25.30403860807699346, -6.000000000000000000 ) ) ;
#2363 = AXIS2_PLACEMENT_3D ( 'NONE', #2089, #1445, #1638 ) ;
#2364 = CIRCLE ( 'NONE', #314, 0.8000000000000020428 ) ;
#2365 = EDGE_CURVE ( 'NONE', #1589, #1919, #150, .T. ) ;
#2366 = CARTESIAN_POINT ( 'NONE',  ( -63.36159748425748717, 59.02641605283199766, -1.499999999999999112 ) ) ;
#2367 = VECTOR ( 'NONE', #2417, 1000.000000000000000 ) ;
#2368 = EDGE_LOOP ( 'NONE', ( #1772, #861, #2322, #2604 ) ) ;
#2369 = LOCAL_TIME ( 16, 43, 48.00000000000000000, #1473 ) ;
#2370 = DIRECTION ( 'NONE',  ( 0.000000000000000000, 1.000000000000000000, -0.000000000000000000 ) ) ;
#2371 = VERTEX_POINT ( 'NONE', #1618 ) ;
#2372 = LINE ( 'NONE', #904, #1030 ) ;
#2373 = CARTESIAN_POINT ( 'NONE',  ( -65.88442960059720122, 60.02641605283200477, -5.400000000000000355 ) ) ;
#2374 = ORIENTED_EDGE ( 'NONE', *, *, #528, .F. ) ;
#2375 = LINE ( 'NONE', #906, #1965 ) ;
#2376 = DIRECTION ( 'NONE',  ( -1.000000000000000000, -1.227947683868376219E-14, -2.478176394252582127E-16 ) ) ;
#2377 = DIRECTION ( 'NONE',  ( 1.000000000000000000, 5.576798466548150274E-14, 0.000000000000000000 ) ) ;
#2378 = ORIENTED_EDGE ( 'NONE', *, *, #2290, .F. ) ;
#2379 = EDGE_CURVE ( 'NONE', #27, #1502, #1673, .T. ) ;
#2380 = DIRECTION ( 'NONE',  ( 0.000000000000000000, 1.000000000000000000, -0.000000000000000000 ) ) ;
#2381 = EDGE_LOOP ( 'NONE', ( #790, #1544, #883, #340, #823, #1220, #516, #1061, #1898, #2695, #1578, #2404, #2473, #1422, #1217, #1767, #1287, #129, #2397, #2353, #249, #2073 ) ) ;
#2382 = EDGE_CURVE ( 'NONE', #1919, #1672, #1219, .T. ) ;
#2383 = PLANE ( 'NONE',  #2402 ) ;
#2384 = CARTESIAN_POINT ( 'NONE',  ( -66.88442960059718700, 59.02641622109469921, -6.000000000000000000 ) ) ;
#2385 = LINE ( 'NONE', #49, #1699 ) ;
#2386 = CARTESIAN_POINT ( 'NONE',  ( -19.75173990347982667, 25.30403860807699346, -5.400000000000000355 ) ) ;
#2387 = EDGE_LOOP ( 'NONE', ( #977, #1097, #148, #2520 ) ) ;
#2388 = DIRECTION ( 'NONE',  ( 1.000000000000000000, -0.000000000000000000, -1.160579026326414288E-16 ) ) ;
#2389 = ORIENTED_EDGE ( 'NONE', *, *, #717, .T. ) ;
#2390 = LINE ( 'NONE', #486, #317 ) ;
#2391 = ORIENTED_EDGE ( 'NONE', *, *, #2123, .F. ) ;
#2392 = DIRECTION ( 'NONE',  ( -1.682626982675255814E-07, -0.9999999999999857891, 0.000000000000000000 ) ) ;
#2393 = EDGE_CURVE ( 'NONE', #1497, #1555, #2252, .T. ) ;
#2394 = EDGE_CURVE ( 'NONE', #1299, #419, #2068, .T. ) ;
#2395 = CARTESIAN_POINT ( 'NONE',  ( -58.55864635623051129, 59.02641605283199766, -1.499999999999999778 ) ) ;
#2396 = VECTOR ( 'NONE', #216, 1000.000000000000000 ) ;
#2397 = ORIENTED_EDGE ( 'NONE', *, *, #185, .T. ) ;
#2398 = AXIS2_PLACEMENT_3D ( 'NONE', #199, #1885, #1251 ) ;
#2399 = DIRECTION ( 'NONE',  ( 0.000000000000000000, 0.000000000000000000, 1.000000000000000000 ) ) ;
#2400 = VECTOR ( 'NONE', #1647, 1000.000000000000000 ) ;
#2401 = CARTESIAN_POINT ( 'NONE',  ( -20.85173990347987782, 57.02641605283200477, 1.000000000000000000 ) ) ;
#2402 = AXIS2_PLACEMENT_3D ( 'NONE', #61, #2330, #1123 ) ;
#2403 = CARTESIAN_POINT ( 'NONE',  ( -62.93912369824698771, 12.05172727856649217, -5.400000000000000355 ) ) ;
#2404 = ORIENTED_EDGE ( 'NONE', *, *, #1300, .T. ) ;
#2405 = AXIS2_PLACEMENT_3D ( 'NONE', #240, #463, #2573 ) ;
#2406 = LINE ( 'NONE', #1796, #6 ) ;
#2407 = VECTOR ( 'NONE', #1644, 1000.000000000000000 ) ;
#2408 = EDGE_LOOP ( 'NONE', ( #415, #222, #2545, #470 ) ) ;
#2409 = CARTESIAN_POINT ( 'NONE',  ( -18.95173990348000004, 37.52641605283200477, -6.000000000000000000 ) ) ;
#2410 = CARTESIAN_POINT ( 'NONE',  ( -47.00908045588099782, 57.02641605283200477, 2.000000000000000000 ) ) ;
#2411 = ORIENTED_EDGE ( 'NONE', *, *, #2257, .F. ) ;
#2412 = ADVANCED_FACE ( 'NONE', ( #380 ), #2044, .T. ) ;
#2413 = ADVANCED_FACE ( 'NONE', ( #1879 ), #2487, .T. ) ;
#2414 = CARTESIAN_POINT ( 'NONE',  ( -43.15996951993900410, 27.92494030988099851, 0.000000000000000000 ) ) ;
#2415 = DIRECTION ( 'NONE',  ( -0.9999995219223611898, 0.0009778318102330518444, 0.000000000000000000 ) ) ;
#2416 = CARTESIAN_POINT ( 'NONE',  ( -28.95173990348000004, 13.30403860807700056, -1.550000000000003153 ) ) ;
#2417 = DIRECTION ( 'NONE',  ( 0.000000000000000000, 1.000000000000000000, -0.000000000000000000 ) ) ;
#2418 = VERTEX_POINT ( 'NONE', #1016 ) ;
#2419 = LINE ( 'NONE', #2448, #96 ) ;
#2420 = ORIENTED_EDGE ( 'NONE', *, *, #2689, .T. ) ;
#2421 = DIRECTION ( 'NONE',  ( -2.839452576972512724E-15, 1.000000000000000000, 0.000000000000000000 ) ) ;
#2422 = CARTESIAN_POINT ( 'NONE',  ( -54.70972821945600373, 59.02641605283199766, 0.6000000000000003109 ) ) ;
#2423 = ORIENTED_EDGE ( 'NONE', *, *, #1802, .T. ) ;
#2424 = DIRECTION ( 'NONE',  ( -1.000000000000000000, 0.000000000000000000, -0.000000000000000000 ) ) ;
#2425 = ADVANCED_FACE ( 'NONE', ( #1848 ), #176, .F. ) ;
#2426 = DIRECTION ( 'NONE',  ( -1.000000000000000000, 0.000000000000000000, 4.108190591843664469E-16 ) ) ;
#2427 = ORIENTED_EDGE ( 'NONE', *, *, #1449, .T. ) ;
#2428 = DIRECTION ( 'NONE',  ( 1.000000000000000000, 0.000000000000000000, 0.000000000000000000 ) ) ;
#2429 = CARTESIAN_POINT ( 'NONE',  ( -63.36159748425748717, 60.02641605283200477, 0.6000000000000003109 ) ) ;
#2430 = EDGE_CURVE ( 'NONE', #2717, #2632, #774, .T. ) ;
#2431 = EDGE_CURVE ( 'NONE', #2262, #1835, #2264, .T. ) ;
#2432 = ORIENTED_EDGE ( 'NONE', *, *, #1158, .T. ) ;
#2433 = LINE ( 'NONE', #289, #723 ) ;
#2434 = ORIENTED_EDGE ( 'NONE', *, *, #1162, .T. ) ;
#2435 = CARTESIAN_POINT ( 'NONE',  ( -64.08542083027552394, 58.22641605283200050, 0.000000000000000000 ) ) ;
#2436 = DIRECTION ( 'NONE',  ( 0.000000000000000000, 0.000000000000000000, -1.000000000000000000 ) ) ;
#2437 = ORIENTED_EDGE ( 'NONE', *, *, #649, .F. ) ;
#2438 = DIRECTION ( 'NONE',  ( 0.000000000000000000, 0.000000000000000000, 1.000000000000000000 ) ) ;
#2439 = AXIS2_PLACEMENT_3D ( 'NONE', #172, #1876, #1057 ) ;
#2440 = FACE_OUTER_BOUND ( 'NONE', #1792, .T. ) ;
#2441 = AXIS2_PLACEMENT_3D ( 'NONE', #788, #321, #1841 ) ;
#2442 = CARTESIAN_POINT ( 'NONE',  ( -55.69710439420899917, 58.22641605283200050, -1.499999999999999556 ) ) ;
#2443 = APPROVAL_STATUS ( 'not_yet_approved' ) ;
#2444 = CIRCLE ( 'NONE', #1071, 0.8000000000000020428 ) ;
#2445 = ORIENTED_EDGE ( 'NONE', *, *, #242, .T. ) ;
#2446 = ADVANCED_FACE ( 'NONE', ( #1441 ), #978, .T. ) ;
#2447 = AXIS2_PLACEMENT_3D ( 'NONE', #1048, #870, #499 ) ;
#2448 = CARTESIAN_POINT ( 'NONE',  ( -47.00908045588099782, 58.22641605283200050, 1.000000000000000888 ) ) ;
#2449 = VECTOR ( 'NONE', #1503, 1000.000000000000000 ) ;
#2450 = VERTEX_POINT ( 'NONE', #2240 ) ;
#2451 = PLANE ( 'NONE',  #485 ) ;
#2452 = AXIS2_PLACEMENT_3D ( 'NONE', #303, #2230, #2453 ) ;
#2453 = DIRECTION ( 'NONE',  ( 0.000000000000000000, -0.000000000000000000, 1.000000000000000000 ) ) ;
#2454 = VERTEX_POINT ( 'NONE', #995 ) ;
#2455 = AXIS2_PLACEMENT_3D ( 'NONE', #2100, #38, #1046 ) ;
#2456 = DIRECTION ( 'NONE',  ( 0.000000000000000000, 0.000000000000000000, 1.000000000000000000 ) ) ;
#2457 = LINE ( 'NONE', #1791, #2486 ) ;
#2458 = ORIENTED_EDGE ( 'NONE', *, *, #2024, .T. ) ;
#2459 = DIRECTION ( 'NONE',  ( -0.000000000000000000, 1.000000000000000000, -0.000000000000000000 ) ) ;
#2460 = DIRECTION ( 'NONE',  ( 0.000000000000000000, 0.000000000000000000, 1.000000000000000000 ) ) ;
#2461 = ORIENTED_EDGE ( 'NONE', *, *, #184, .F. ) ;
#2462 = DIRECTION ( 'NONE',  ( -0.000000000000000000, -1.000000000000000000, -0.000000000000000000 ) ) ;
#2463 = EDGE_CURVE ( 'NONE', #342, #1919, #2728, .T. ) ;
#2464 = ORIENTED_EDGE ( 'NONE', *, *, #2245, .F. ) ;
#2465 = LINE ( 'NONE', #957, #896 ) ;
#2466 = FACE_OUTER_BOUND ( 'NONE', #435, .T. ) ;
#2467 = CC_DESIGN_PERSON_AND_ORGANIZATION_ASSIGNMENT ( #132, #557, ( #2501 ) ) ;
#2468 = ORIENTED_EDGE ( 'NONE', *, *, #17, .T. ) ;
#2469 = DIRECTION ( 'NONE',  ( -0.000000000000000000, -0.000000000000000000, 1.000000000000000000 ) ) ;
#2470 = DIRECTION ( 'NONE',  ( 0.000000000000000000, 0.000000000000000000, 1.000000000000000000 ) ) ;
#2471 = DIRECTION ( 'NONE',  ( 0.000000000000000000, 0.000000000000000000, 1.000000000000000000 ) ) ;
#2472 = CALENDAR_DATE ( 2026, 15, 8 ) ;
#2473 = ORIENTED_EDGE ( 'NONE', *, *, #2348, .T. ) ;
#2474 = LINE ( 'NONE', #1423, #9 ) ;
#2475 = EDGE_LOOP ( 'NONE', ( #1278, #968, #42, #2220, #464, #467 ) ) ;
#2476 = CARTESIAN_POINT ( 'NONE',  ( -35.43908432816851928, 12.85172720345399888, -5.400000000000000355 ) ) ;
#2477 = CARTESIAN_POINT ( 'NONE',  ( -47.00908045588099782, 60.02641605283200477, -6.009999999999999787 ) ) ;
#2478 = ORIENTED_EDGE ( 'NONE', *, *, #1753, .F. ) ;
#2479 = ADVANCED_FACE ( 'NONE', ( #161 ), #599, .F. ) ;
#2480 = EDGE_CURVE ( 'NONE', #177, #2231, #1454, .T. ) ;
#2481 = LINE ( 'NONE', #198, #1654 ) ;
#2482 = CARTESIAN_POINT ( 'NONE',  ( -20.85173990347987782, 52.02641605283201187, 1.250000000000000222 ) ) ;
#2483 = ORIENTED_EDGE ( 'NONE', *, *, #1886, .F. ) ;
#2484 = AXIS2_PLACEMENT_3D ( 'NONE', #2553, #653, #1811 ) ;
#2485 = EDGE_LOOP ( 'NONE', ( #673, #888, #671, #54 ) ) ;
#2486 = VECTOR ( 'NONE', #1585, 1000.000000000000000 ) ;
#2487 = PLANE ( 'NONE',  #2589 ) ;
#2488 = EDGE_LOOP ( 'NONE', ( #2619, #384, #2045, #393, #2751 ) ) ;
#2489 = VECTOR ( 'NONE', #131, 1000.000000000000000 ) ;
#2490 = CARTESIAN_POINT ( 'NONE',  ( -19.75173990347984443, 37.52641605283200477, 6.616730972654430527E-15 ) ) ;
#2491 = VECTOR ( 'NONE', #1377, 1000.000000000000000 ) ;
#2492 = ORIENTED_EDGE ( 'NONE', *, *, #1107, .F. ) ;
#2493 = CIRCLE ( 'NONE', #55, 3.987304954461014184 ) ;
#2494 = APPROVAL ( #769, 'æœª' ) ;
#2495 = DIRECTION ( 'NONE',  ( 0.000000000000000000, -1.000000000000000000, 0.000000000000000000 ) ) ;
#2496 = CARTESIAN_POINT ( 'NONE',  ( -65.08442977491444026, 57.99043336326634801, 50.78407294179726961 ) ) ;
#2497 = VECTOR ( 'NONE', #1231, 1000.000000000000000 ) ;
#2498 = ADVANCED_FACE ( 'NONE', ( #1188 ), #2030, .F. ) ;
#2499 = ORIENTED_EDGE ( 'NONE', *, *, #424, .F. ) ;
#2500 = CARTESIAN_POINT ( 'NONE',  ( -21.93904495809000110, 15.03903225806500110, 1.000000000000000000 ) ) ;
#2501 = PRODUCT_DEFINITION ( 'æœ', '', #2276, #1119 ) ;
#2502 = EDGE_LOOP ( 'NONE', ( #1203, #1895, #913, #1319 ) ) ;
#2503 = CARTESIAN_POINT ( 'NONE',  ( -62.93912369824698771, 25.30403860807699346, -6.000000000000000000 ) ) ;
#2504 = ORIENTED_EDGE ( 'NONE', *, *, #2293, .F. ) ;
#2505 = FACE_OUTER_BOUND ( 'NONE', #1755, .T. ) ;
#2506 = CARTESIAN_POINT ( 'NONE',  ( -64.41724682500429822, 59.02641605283199766, -1.499999999999999334 ) ) ;
#2507 = VERTEX_POINT ( 'NONE', #1824 ) ;
#2508 = DIRECTION ( 'NONE',  ( 0.000000000000000000, 0.000000000000000000, 1.000000000000000000 ) ) ;
#2509 = CARTESIAN_POINT ( 'NONE',  ( -20.85173990347987782, 52.02641605283201187, 1.250000000000000222 ) ) ;
#2510 = ORIENTED_EDGE ( 'NONE', *, *, #1855, .T. ) ;
#2511 = DIRECTION ( 'NONE',  ( -1.000000000000000000, -0.000000000000000000, -0.000000000000000000 ) ) ;
#2512 = DIRECTION ( 'NONE',  ( 0.000000000000000000, 0.000000000000000000, 1.000000000000000000 ) ) ;
#2513 = ORIENTED_EDGE ( 'NONE', *, *, #366, .T. ) ;
#2514 = EDGE_CURVE ( 'NONE', #160, #2098, #2474, .T. ) ;
#2515 = EDGE_CURVE ( 'NONE', #2117, #1830, #2324, .T. ) ;
#2516 = CARTESIAN_POINT ( 'NONE',  ( -24.43908432816851573, 0.000000000000000000, 3.538379098057295113 ) ) ;
#2517 = ORIENTED_EDGE ( 'NONE', *, *, #2257, .T. ) ;
#2518 = DIRECTION ( 'NONE',  ( 0.0009778242020709985733, 0.9999995219298005722, 0.000000000000000000 ) ) ;
#2519 = CARTESIAN_POINT ( 'NONE',  ( -65.88443700203299613, 15.03903275365136416, -6.000000000000000000 ) ) ;
#2520 = ORIENTED_EDGE ( 'NONE', *, *, #84, .T. ) ;
#2521 = PLANE ( 'NONE',  #1479 ) ;
#2522 = APPROVAL_DATE_TIME ( #1837, #2010 ) ;
#2523 = DIRECTION ( 'NONE',  ( -1.000000000000000000, 0.000000000000000000, 0.000000000000000000 ) ) ;
#2524 = ORIENTED_EDGE ( 'NONE', *, *, #1492, .T. ) ;
#2525 = LINE ( 'NONE', #1713, #1558 ) ;
#2526 = ORIENTED_EDGE ( 'NONE', *, *, #939, .T. ) ;
#2527 = CARTESIAN_POINT ( 'NONE',  ( -20.85173990347987782, 52.02641605283201187, 1.000000000000000000 ) ) ;
#2528 = AXIS2_PLACEMENT_3D ( 'NONE', #1190, #1415, #2656 ) ;
#2529 = ORIENTED_EDGE ( 'NONE', *, *, #1058, .T. ) ;
#2530 = EDGE_CURVE ( 'NONE', #1664, #1547, #2753, .T. ) ;
#2531 = AXIS2_PLACEMENT_3D ( 'NONE', #1543, #1363, #1124 ) ;
#2532 = CARTESIAN_POINT ( 'NONE',  ( -66.88442977476636031, 57.99131355525146603, 2.000000000000000000 ) ) ;
#2533 = DIRECTION ( 'NONE',  ( 0.000000000000000000, 0.000000000000000000, -1.000000000000000000 ) ) ;
#2534 = CIRCLE ( 'NONE', #2001, 2.250000000000001776 ) ;
#2535 = ORIENTED_EDGE ( 'NONE', *, *, #1147, .F. ) ;
#2536 = AXIS2_PLACEMENT_3D ( 'NONE', #1293, #651, #874 ) ;
#2537 = LINE ( 'NONE', #420, #1481 ) ;
#2538 = CARTESIAN_POINT ( 'NONE',  ( -35.43908432816850507, 12.05172720345399817, -6.009999999999999787 ) ) ;
#2539 = VECTOR ( 'NONE', #2327, 1000.000000000000000 ) ;
#2540 = LINE ( 'NONE', #847, #2174 ) ;
#2541 = DIRECTION ( 'NONE',  ( -1.000000000000000000, 0.000000000000000000, 0.000000000000000000 ) ) ;
#2542 = CARTESIAN_POINT ( 'NONE',  ( -35.43908432816849086, 11.05172720345433390, -2.000000000000019540 ) ) ;
#2543 = VERTEX_POINT ( 'NONE', #1714 ) ;
#2544 = CYLINDRICAL_SURFACE ( 'NONE', #1440, 0.8000000000000020428 ) ;
#2545 = ORIENTED_EDGE ( 'NONE', *, *, #1130, .F. ) ;
#2546 = DIRECTION ( 'NONE',  ( -1.000000000000000000, 0.000000000000000000, 0.000000000000000000 ) ) ;
#2547 = DIRECTION ( 'NONE',  ( 1.000000000000000000, -5.680698567222946314E-09, 0.000000000000000000 ) ) ;
#2548 = ADVANCED_FACE ( 'NONE', ( #1741 ), #428, .T. ) ;
#2549 = VERTEX_POINT ( 'NONE', #24 ) ;
#2550 = DIRECTION ( 'NONE',  ( 1.076485424009677411E-14, -1.000000000000000000, 0.000000000000000000 ) ) ;
#2551 = EDGE_CURVE ( 'NONE', #189, #615, #1288, .T. ) ;
#2552 = FACE_OUTER_BOUND ( 'NONE', #1976, .T. ) ;
#2553 = CARTESIAN_POINT ( 'NONE',  ( -18.95173990347987569, 15.03903225806500110, -6.009999999999999787 ) ) ;
#2554 = CARTESIAN_POINT ( 'NONE',  ( -21.93904495808998689, 11.05172720345450088, -6.000000000000000000 ) ) ;
#2555 = CARTESIAN_POINT ( 'NONE',  ( -24.43908432816851573, 12.05172720345461101, -5.400000000000000355 ) ) ;
#2556 = ORIENTED_EDGE ( 'NONE', *, *, #1419, .F. ) ;
#2557 = DIRECTION ( 'NONE',  ( 1.000000000000000000, 0.000000000000000000, 0.000000000000000000 ) ) ;
#2558 = ORIENTED_EDGE ( 'NONE', *, *, #1520, .T. ) ;
#2559 = DIRECTION ( 'NONE',  ( 0.000000000000000000, 0.000000000000000000, 1.000000000000000000 ) ) ;
#2560 = DIRECTION ( 'NONE',  ( 0.000000000000000000, 0.000000000000000000, -1.000000000000000000 ) ) ;
#2561 = FACE_OUTER_BOUND ( 'NONE', #1880, .T. ) ;
#2562 = VERTEX_POINT ( 'NONE', #1303 ) ;
#2563 = CARTESIAN_POINT ( 'NONE',  ( -62.93912369824682429, 12.05172720345246518, -6.000000000000000000 ) ) ;
#2564 = DIRECTION ( 'NONE',  ( 0.000000000000000000, -1.000000000000000000, 0.000000000000000000 ) ) ;
#2565 = ORIENTED_EDGE ( 'NONE', *, *, #1163, .F. ) ;
#2566 = EDGE_CURVE ( 'NONE', #2164, #83, #1921, .T. ) ;
#2567 = ADVANCED_FACE ( 'NONE', ( #220 ), #2302, .T. ) ;
#2568 = DIRECTION ( 'NONE',  ( -1.000000000000000000, 0.000000000000000000, -2.478176394252582620E-16 ) ) ;
#2569 = PLANE ( 'NONE',  #305 ) ;
#2570 = CARTESIAN_POINT ( 'NONE',  ( -62.47274574549199855, 60.02641605283200477, -6.000000000000000000 ) ) ;
#2571 = ORIENTED_EDGE ( 'NONE', *, *, #1754, .T. ) ;
#2572 = CARTESIAN_POINT ( 'NONE',  ( -62.93912369824698771, 15.03903225806500110, 0.000000000000000000 ) ) ;
#2573 = DIRECTION ( 'NONE',  ( -1.000000000000000000, 0.000000000000000000, 0.000000000000000000 ) ) ;
#2574 = ORIENTED_EDGE ( 'NONE', *, *, #1282, .F. ) ;
#2575 = VECTOR ( 'NONE', #1297, 1000.000000000000000 ) ;
#2576 = LINE ( 'NONE', #1084, #2049 ) ;
#2577 = AXIS2_PLACEMENT_3D ( 'NONE', #2680, #2470, #2273 ) ;
#2578 = FACE_OUTER_BOUND ( 'NONE', #770, .T. ) ;
#2579 = VERTEX_POINT ( 'NONE', #2144 ) ;
#2580 = PRODUCT_RELATED_PRODUCT_CATEGORY ( 'detail', '', ( #552 ) ) ;
#2581 = CIRCLE ( 'NONE', #2311, 0.8000000000000020428 ) ;
#2582 = LINE ( 'NONE', #707, #137 ) ;
#2583 = ADVANCED_FACE ( 'NONE', ( #1950, #1075 ), #205, .T. ) ;
#2584 = CARTESIAN_POINT ( 'NONE',  ( -35.43908432816851928, 13.05172720345433390, 0.000000000000000000 ) ) ;
#2585 = VECTOR ( 'NONE', #690, 1000.000000000000000 ) ;
#2586 = EDGE_LOOP ( 'NONE', ( #174, #611, #1715, #854 ) ) ;
#2587 = AXIS2_PLACEMENT_3D ( 'NONE', #362, #1264, #164 ) ;
#2588 = EDGE_CURVE ( 'NONE', #95, #2098, #1060, .T. ) ;
#2589 = AXIS2_PLACEMENT_3D ( 'NONE', #1631, #827, #586 ) ;
#2590 = ORIENTED_EDGE ( 'NONE', *, *, #1434, .F. ) ;
#2591 = CARTESIAN_POINT ( 'NONE',  ( -20.80905505583099924, 60.02641605283200477, 2.000000000000000000 ) ) ;
#2592 = ORIENTED_EDGE ( 'NONE', *, *, #1147, .T. ) ;
#2593 = CARTESIAN_POINT ( 'NONE',  ( -66.88442943233452809, 60.02641605283200477, -6.000000000000000000 ) ) ;
#2594 = CARTESIAN_POINT ( 'NONE',  ( -66.88442977476636031, 57.99131355525146603, -6.000000000000000000 ) ) ;
#2595 = EDGE_LOOP ( 'NONE', ( #2615, #677, #1945, #1532 ) ) ;
#2596 = DIRECTION ( 'NONE',  ( 0.000000000000000000, -0.000000000000000000, -1.000000000000000000 ) ) ;
#2597 = PLANE ( 'NONE',  #1912 ) ;
#2598 = ORIENTED_EDGE ( 'NONE', *, *, #2109, .T. ) ;
#2599 = CARTESIAN_POINT ( 'NONE',  ( -64.08542083027552394, 58.22641605283200050, 0.000000000000000000 ) ) ;
#2600 = ORIENTED_EDGE ( 'NONE', *, *, #53, .T. ) ;
#2601 = EDGE_CURVE ( 'NONE', #502, #1497, #1891, .T. ) ;
#2602 = EDGE_CURVE ( 'NONE', #39, #2145, #2156, .T. ) ;
#2603 = LINE ( 'NONE', #110, #1922 ) ;
#2604 = ORIENTED_EDGE ( 'NONE', *, *, #149, .F. ) ;
#2605 = CARTESIAN_POINT ( 'NONE',  ( -55.69710439420899917, 58.22641605283200050, -5.400000000000000355 ) ) ;
#2606 = DIRECTION ( 'NONE',  ( 1.000000000000000000, 0.000000000000000000, 0.000000000000000000 ) ) ;
#2607 = ORIENTED_EDGE ( 'NONE', *, *, #1539, .F. ) ;
#2608 = CARTESIAN_POINT ( 'NONE',  ( -21.93904495809000110, 13.85172720345430264, 0.000000000000000000 ) ) ;
#2609 = ORIENTED_EDGE ( 'NONE', *, *, #990, .F. ) ;
#2610 = LINE ( 'NONE', #841, #1563 ) ;
#2611 = CARTESIAN_POINT ( 'NONE',  ( -64.08542083027552394, 56.97641605283200761, 0.000000000000000000 ) ) ;
#2612 = ORIENTED_EDGE ( 'NONE', *, *, #269, .T. ) ;
#2613 = CARTESIAN_POINT ( 'NONE',  ( -49.43908432816849796, 12.05172720345399817, -5.400000000000000355 ) ) ;
#2614 = ADVANCED_FACE ( 'NONE', ( #192 ), #1937, .T. ) ;
#2615 = ORIENTED_EDGE ( 'NONE', *, *, #239, .F. ) ;
#2616 = DIRECTION ( 'NONE',  ( -0.000000000000000000, -0.000000000000000000, 1.000000000000000000 ) ) ;
#2617 = DIRECTION ( 'NONE',  ( 1.226997175350663321E-14, -1.000000000000000000, 0.000000000000000000 ) ) ;
#2618 = CIRCLE ( 'NONE', #2133, 3.987305054610250199 ) ;
#2619 = ORIENTED_EDGE ( 'NONE', *, *, #2109, .F. ) ;
#2620 = VECTOR ( 'NONE', #31, 1000.000000000000000 ) ;
#2621 = CARTESIAN_POINT ( 'NONE',  ( -62.93912369824698771, 15.03903225806500110, -6.000000000000000000 ) ) ;
#2622 = CARTESIAN_POINT ( 'NONE',  ( -47.43908432816847665, 11.05172720345418824, 4.956352788505129741E-16 ) ) ;
#2623 = VECTOR ( 'NONE', #1019, 1000.000000000000000 ) ;
#2624 = ORIENTED_EDGE ( 'NONE', *, *, #1433, .F. ) ;
#2625 = CARTESIAN_POINT ( 'NONE',  ( -35.43908432816850507, 12.05172720345399817, -5.400000000000000355 ) ) ;
#2626 = VECTOR ( 'NONE', #2361, 1000.000000000000000 ) ;
#2627 = CARTESIAN_POINT ( 'NONE',  ( -43.15996951993900410, 27.92494030988099851, 1.500000000000000000 ) ) ;
#2628 = ORIENTED_EDGE ( 'NONE', *, *, #925, .T. ) ;
#2629 = VECTOR ( 'NONE', #2392, 1000.000000000000114 ) ;
#2630 = CARTESIAN_POINT ( 'NONE',  ( -20.85173990347987782, 57.02641605283200477, 1.250000000000000222 ) ) ;
#2631 = VECTOR ( 'NONE', #260, 1000.000000000000000 ) ;
#2632 = VERTEX_POINT ( 'NONE', #1524 ) ;
#2633 = FACE_OUTER_BOUND ( 'NONE', #2648, .T. ) ;
#2634 = EDGE_CURVE ( 'NONE', #388, #1252, #459, .T. ) ;
#2635 = PLANE ( 'NONE',  #2229 ) ;
#2636 = EDGE_CURVE ( 'NONE', #1835, #2549, #1101, .T. ) ;
#2637 = ADVANCED_FACE ( 'NONE', ( #2740 ), #2544, .F. ) ;
#2638 = CARTESIAN_POINT ( 'NONE',  ( -18.95173990347990411, 37.52641605283200477, -5.400000000000000355 ) ) ;
#2639 = DIRECTION ( 'NONE',  ( 0.000000000000000000, 1.000000000000000000, 0.000000000000000000 ) ) ;
#2640 = VERTEX_POINT ( 'NONE', #1274 ) ;
#2641 = CARTESIAN_POINT ( 'NONE',  ( -47.00908045588099782, 57.02641605283200477, 1.250000000000003331 ) ) ;
#2642 = CARTESIAN_POINT ( 'NONE',  ( -62.93912369824698771, 15.03903225806500110, -5.400000000000000355 ) ) ;
#2643 = ORIENTED_EDGE ( 'NONE', *, *, #1650, .F. ) ;
#2644 = CARTESIAN_POINT ( 'NONE',  ( -66.92642860098787594, 15.03967447905946031, 2.000000000000000000 ) ) ;
#2645 = ORIENTED_EDGE ( 'NONE', *, *, #69, .T. ) ;
#2646 = FACE_OUTER_BOUND ( 'NONE', #2211, .T. ) ;
#2647 = FACE_OUTER_BOUND ( 'NONE', #197, .T. ) ;
#2648 = EDGE_LOOP ( 'NONE', ( #2739, #889, #2050, #1953 ) ) ;
#2649 = PLANE ( 'NONE',  #228 ) ;
#2650 = CARTESIAN_POINT ( 'NONE',  ( -62.93912369824698771, 11.05172730360398603, 2.000000000000000000 ) ) ;
#2651 = EDGE_CURVE ( 'NONE', #615, #2165, #839, .T. ) ;
#2652 = DIRECTION ( 'NONE',  ( -0.000000000000000000, 1.000000000000000000, -0.000000000000000000 ) ) ;
#2653 = ORIENTED_EDGE ( 'NONE', *, *, #2110, .T. ) ;
#2654 = CARTESIAN_POINT ( 'NONE',  ( -19.75173990347987640, 58.22641605283200761, 50.78407294179726961 ) ) ;
#2655 = VERTEX_POINT ( 'NONE', #1498 ) ;
#2656 = DIRECTION ( 'NONE',  ( -0.0009778215789009807833, -0.9999995219323656315, 0.000000000000000000 ) ) ;
#2657 = CARTESIAN_POINT ( 'NONE',  ( -19.75173990347973074, 45.02641605283200477, 0.000000000000000000 ) ) ;
#2658 = EDGE_LOOP ( 'NONE', ( #1387, #2685, #2592, #47, #1476, #1847 ) ) ;
#2659 = CARTESIAN_POINT ( 'NONE',  ( -62.93912369824698771, 15.03903225806500110, -6.000000000000000000 ) ) ;
#2660 = CARTESIAN_POINT ( 'NONE',  ( -49.79562883019551833, 60.02641605283200477, 0.5999999999999996447 ) ) ;
#2661 = VERTEX_POINT ( 'NONE', #2429 ) ;
#2662 = VECTOR ( 'NONE', #705, 1000.000000000000000 ) ;
#2663 = CARTESIAN_POINT ( 'NONE',  ( -21.93904495809000110, 12.05172720345481352, -6.000000000000000000 ) ) ;
#2664 = ADVANCED_FACE ( 'NONE', ( #471 ), #1134, .F. ) ;
#2665 = VECTOR ( 'NONE', #295, 1000.000000000000000 ) ;
#2666 = ORIENTED_EDGE ( 'NONE', *, *, #2514, .T. ) ;
#2667 = VECTOR ( 'NONE', #2568, 1000.000000000000000 ) ;
#2668 = EDGE_CURVE ( 'NONE', #151, #2454, #1998, .T. ) ;
#2669 = CARTESIAN_POINT ( 'NONE',  ( -18.95173990347996451, 45.02641605283200477, -6.009999999999999787 ) ) ;
#2670 = VECTOR ( 'NONE', #1362, 1000.000000000000000 ) ;
#2671 = EDGE_LOOP ( 'NONE', ( #2643, #519, #999, #2574 ) ) ;
#2672 = DIRECTION ( 'NONE',  ( -0.000000000000000000, 1.000000000000000000, 0.000000000000000000 ) ) ;
#2673 = DIRECTION ( 'NONE',  ( -1.000000000000000000, 0.000000000000000000, 0.000000000000000000 ) ) ;
#2674 = VECTOR ( 'NONE', #884, 1000.000000000000000 ) ;
#2675 = DIRECTION ( 'NONE',  ( -0.000000000000000000, 1.689939018863616908E-16, -1.000000000000000000 ) ) ;
#2676 = MANIFOLD_SOLID_BREP ( '×éºÏ4', #758 ) ;
#2677 = ORIENTED_EDGE ( 'NONE', *, *, #489, .T. ) ;
#2678 = VECTOR ( 'NONE', #1550, 1000.000000000000000 ) ;
#2679 = CARTESIAN_POINT ( 'NONE',  ( -65.88442977484862695, 57.99082456022092913, -6.009999999999999787 ) ) ;
#2680 = CARTESIAN_POINT ( 'NONE',  ( -62.93912369824698771, 15.03903225806500110, 2.000000000000000000 ) ) ;
#2681 = PRODUCT_DEFINITION_SHAPE ( 'NONE', 'NONE',  #2501 ) ;
#2682 = EDGE_LOOP ( 'NONE', ( #1742, #2590, #402, #2256 ) ) ;
#2683 = LINE ( 'NONE', #328, #308 ) ;
#2684 = PERSON_AND_ORGANIZATION_ROLE ( 'design_supplier' ) ;
#2685 = ORIENTED_EDGE ( 'NONE', *, *, #1162, .F. ) ;
#2686 = DIRECTION ( 'NONE',  ( 1.000000000000000000, 0.000000000000000000, 0.000000000000000000 ) ) ;
#2687 = VERTEX_POINT ( 'NONE', #2611 ) ;
#2688 = EDGE_CURVE ( 'NONE', #2507, #666, #1332, .T. ) ;
#2689 = EDGE_CURVE ( 'NONE', #1547, #1555, #1775, .T. ) ;
#2690 = CARTESIAN_POINT ( 'NONE',  ( -62.93912369824698771, 15.03903225806500110, -5.400000000000000355 ) ) ;
#2691 = DIRECTION ( 'NONE',  ( 1.000000000000000000, 0.000000000000000000, 8.825236012563963143E-17 ) ) ;
#2692 = VERTEX_POINT ( 'NONE', #2403 ) ;
#2693 = CARTESIAN_POINT ( 'NONE',  ( -42.35996951993899984, 27.92494030988099851, 0.000000000000000000 ) ) ;
#2694 = LINE ( 'NONE', #2014, #1207 ) ;
#2695 = ORIENTED_EDGE ( 'NONE', *, *, #239, .T. ) ;
#2696 = CARTESIAN_POINT ( 'NONE',  ( -55.69710439420899917, 58.22641605283200050, 50.78407294179726961 ) ) ;
#2697 = ORIENTED_EDGE ( 'NONE', *, *, #1143, .F. ) ;
#2698 = DIRECTION ( 'NONE',  ( -0.000000000000000000, -0.000000000000000000, 1.000000000000000000 ) ) ;
#2699 = ORIENTED_EDGE ( 'NONE', *, *, #1572, .F. ) ;
#2700 = DIRECTION ( 'NONE',  ( 1.000000000000000000, 0.000000000000000000, 0.000000000000000000 ) ) ;
#2701 = LINE ( 'NONE', #799, #2400 ) ;
#2702 = LINE ( 'NONE', #588, #403 ) ;
#2703 = EDGE_CURVE ( 'NONE', #419, #39, #1358, .T. ) ;
#2704 = ORIENTED_EDGE ( 'NONE', *, *, #525, .T. ) ;
#2705 = CARTESIAN_POINT ( 'NONE',  ( -18.45173990348000004, 45.02641605283200477, -6.000000000000000000 ) ) ;
#2706 = ADVANCED_FACE ( 'NONE', ( #953 ), #1381, .F. ) ;
#2707 = DIRECTION ( 'NONE',  ( -0.000000000000000000, -0.000000000000000000, 1.000000000000000000 ) ) ;
#2708 = ORIENTED_EDGE ( 'NONE', *, *, #597, .F. ) ;
#2709 = AXIS2_PLACEMENT_3D ( 'NONE', #437, #622, #2288 ) ;
#2710 = ORIENTED_EDGE ( 'NONE', *, *, #1507, .F. ) ;
#2711 = AXIS2_PLACEMENT_3D ( 'NONE', #806, #387, #1653 ) ;
#2712 = DIRECTION ( 'NONE',  ( 0.000000000000000000, 0.000000000000000000, -1.000000000000000000 ) ) ;
#2713 = ORIENTED_EDGE ( 'NONE', *, *, #2588, .F. ) ;
#2714 = VECTOR ( 'NONE', #1716, 1000.000000000000000 ) ;
#2715 = DIRECTION ( 'NONE',  ( -0.000000000000000000, -0.000000000000000000, -1.000000000000000000 ) ) ;
#2716 = VECTOR ( 'NONE', #947, 1000.000000000000000 ) ;
#2717 = VERTEX_POINT ( 'NONE', #1794 ) ;
#2718 = ADVANCED_FACE ( 'NONE', ( #79 ), #935, .T. ) ;
#2719 = CIRCLE ( 'NONE', #2587, 1.187305231577895359 ) ;
#2720 = CARTESIAN_POINT ( 'NONE',  ( -21.93904495808998689, 11.05172720345450088, -6.000000000000000000 ) ) ;
#2721 = DIRECTION ( 'NONE',  ( -0.0009778273083380210375, -0.9999995219267632240, 0.000000000000000000 ) ) ;
#2722 = VERTEX_POINT ( 'NONE', #2627 ) ;
#2723 = EDGE_CURVE ( 'NONE', #793, #1746, #2196, .T. ) ;
#2724 = EDGE_CURVE ( 'NONE', #2011, #32, #727, .T. ) ;
#2725 = CARTESIAN_POINT ( 'NONE',  ( -62.93912369824698771, 15.03903225806500110, -6.000000000000000000 ) ) ;
#2726 = CARTESIAN_POINT ( 'NONE',  ( -21.93904495809000110, 15.03903225806500110, -6.000000000000000000 ) ) ;
#2727 = ORIENTED_EDGE ( 'NONE', *, *, #1110, .T. ) ;
#2728 = LINE ( 'NONE', #2669, #2497 ) ;
#2729 = ORIENTED_EDGE ( 'NONE', *, *, #2393, .T. ) ;
#2730 = CARTESIAN_POINT ( 'NONE',  ( -21.93904495809000110, 15.03903225806500110, 2.000000000000000000 ) ) ;
#2731 = CARTESIAN_POINT ( 'NONE',  ( -21.93904495809000110, 15.03903225806500110, -1.550000000000002709 ) ) ;
#2732 = ORIENTED_EDGE ( 'NONE', *, *, #2752, .T. ) ;
#2733 = DIRECTION ( 'NONE',  ( 1.000000000000000000, 0.000000000000000000, 0.000000000000000000 ) ) ;
#2734 = FACE_OUTER_BOUND ( 'NONE', #1810, .T. ) ;
#2735 = ORIENTED_EDGE ( 'NONE', *, *, #1058, .F. ) ;
#2736 = CC_DESIGN_PERSON_AND_ORGANIZATION_ASSIGNMENT ( #386, #2684, ( #2276 ) ) ;
#2737 = EDGE_CURVE ( 'NONE', #177, #2104, #513, .T. ) ;
#2738 = CARTESIAN_POINT ( 'NONE',  ( -20.75173990347987285, 56.97641605283200761, 0.000000000000000000 ) ) ;
#2739 = ORIENTED_EDGE ( 'NONE', *, *, #298, .F. ) ;
#2740 = FACE_OUTER_BOUND ( 'NONE', #1242, .T. ) ;
#2741 = ORIENTED_EDGE ( 'NONE', *, *, #2601, .T. ) ;
#2742 = DIRECTION ( 'NONE',  ( -1.000000000000000000, 0.000000000000000000, -0.000000000000000000 ) ) ;
#2743 = LINE ( 'NONE', #1500, #2266 ) ;
#2744 = PLANE ( 'NONE',  #1214 ) ;
#2745 = ORIENTED_EDGE ( 'NONE', *, *, #1266, .F. ) ;
#2746 = DIRECTION ( 'NONE',  ( -0.000000000000000000, 1.000000000000000000, -0.000000000000000000 ) ) ;
#2747 = PERSON_AND_ORGANIZATION_ROLE ( 'design_owner' ) ;
#2748 = PLANE ( 'NONE',  #2263 ) ;
#2749 = CARTESIAN_POINT ( 'NONE',  ( -19.75173990347984443, 37.52641605283200477, -5.400000000000000355 ) ) ;
#2750 = LINE ( 'NONE', #2555, #2575 ) ;
#2751 = ORIENTED_EDGE ( 'NONE', *, *, #945, .F. ) ;
#2752 = EDGE_CURVE ( 'NONE', #1208, #85, #1156, .T. ) ;
#2753 = LINE ( 'NONE', #1465, #907 ) ;
#2754 = VECTOR ( 'NONE', #378, 1000.000000000000000 ) ;
#2755 = ORIENTED_EDGE ( 'NONE', *, *, #219, .T. ) ;
#2756 = ADVANCED_FACE ( 'NONE', ( #697 ), #483, .F. ) ;
#2757 = CIRCLE ( 'NONE', #1164, 2.250000000000001776 ) ;
#2758 = DIRECTION ( 'NONE',  ( -1.000000000000000000, 0.000000000000000000, 0.000000000000000000 ) ) ;
#2759 = CARTESIAN_POINT ( 'NONE',  ( -61.43112079906716616, 12.85172720345399888, 23.99203647089889913 ) ) ;
ENDSEC;
END-ISO-10303-21;
